year,site,PGS_temp,GS_temp,Spring_temp,PGS_precip,GS_precip,Spring_precip,PGS_CMI,GS_CMI,Spring_CMI,FW_temp,FW_precip,FW_CMI
1945,1067,12.56,11.58,-6.366666667,154,215,47,-24.03901093,-13.56467522,3.900284794,-9.825,107,9.412483444
1945,1079,10.66,9.42,-9.1,233,338,29,-6.84628806,8.292959146,2.789194001,-11.7,43,3.780798313
1945,1101,10.94,9.72,-10.2,275,344,35,-4.643137278,7.543591789,3.49194534,-12.45,69,6.547118721
1945,1104,10.56,9.42,-10.36666667,240,309,35,-7.107736053,4.819219322,3.5,-13.125,48,4.512026233
1945,1021,10.54,9.24,-11.2,314,363,33,2.157439572,11.60986122,3.3,-12.475,54,5.010414727
1945,1031,12.3,11.32,-6.6,148,205,40,-23.63476619,-13.81844987,3.246206646,-9.925,96,8.370410616
1945,1032,12.34,11.34,-6.633333333,147,203,39,-24.02693531,-14.06708639,3.128040792,-10.025,96,8.370410616
1945,1033,10.66,9.5,-12.06666667,202,258,31,-12.07892106,-1.551249957,3.1,-14.475,41,3.753228645
1946,1067,11.58,12.98,-7.833333333,215,126,32,-13.56467522,-30.21139174,1.760956398,-14.2,92,8.07715594
1946,1079,9.42,11,-11.16666667,338,203,23,8.292959146,-12.28172884,1.868713351,-14.95,73,7.068264293
1946,1101,9.72,11.44,-11.23333333,344,239,17,7.543591789,-10.66240737,1.037560362,-16.625,49,4.701288265
1946,1104,9.42,11.14,-11.26666667,309,197,16,4.819219322,-13.69966148,0.972809519,-17.075,35,3.359505345
1946,1021,9.24,10.74,-13.4,363,180,24,11.60986122,-13.09899113,2.274398214,-16,80,7.921100858
1946,1031,11.32,12.7,-8.1,205,118,27,-13.81844987,-29.87785203,1.327466228,-14.325,79,6.809754452
1946,1032,11.34,12.72,-8.133333333,203,119,27,-14.06708639,-30.00414063,1.302676556,-14.45,79,6.836670719
1946,1033,9.5,11.36,-12.76666667,258,214,17,-1.551249957,-13.92517433,1.235515471,-17.85,33,3.109254617
1947,1067,12.98,12.5,-5,126,193,22,-30.21139174,-21.24333598,-0.265476575,-15.9,123,10.62326464
1947,1079,11,10.14,-8.033333333,203,170,15,-12.28172884,-13.36863632,0.714132629,-18.85,95,8.725563498
1947,1101,11.44,10.44,-7.466666667,239,260,12,-10.66240737,-7.101860304,0.083683771,-20.1,71,6.33231213
1947,1104,11.14,10.08,-7.866666667,197,243,12,-13.69966148,-7.188279639,0.204836166,-20.55,67,6.116278184
1947,1021,10.74,9.86,-10.13333333,180,176,17,-13.09899113,-10.92229611,1.256337488,-20.025,102,9.671846074
1947,1031,12.7,12.24,-5.2,118,186,18,-29.87785203,-21.09119689,-0.402270167,-16,104,8.794705307
1947,1032,12.72,12.26,-5.2,119,183,18,-30.00414063,-21.50463336,-0.37820437,-16.125,105,8.894705307
1947,1033,11.36,10.16,-10.13333333,214,207,12,-13.92517433,-11.6488981,0.52784094,-21.025,64,5.818677413
1948,1067,12.5,12.04,-10.2,193,136,41,-21.24333598,-27.65504775,3.362779964,-8.475,77,6.511194306
1948,1079,10.14,9.54,-12.43333333,170,330,30,-13.36863632,6.089961106,2.985567203,-11.6,54,5.308460617
1948,1101,10.44,9.9,-13.1,260,232,28,-7.101860304,-8.019767766,2.8,-12.4,70,6.789531667
1948,1104,10.08,9.68,-13.2,243,184,23,-7.188279639,-12.02281052,2.3,-12.875,61,5.920918218
1948,1021,9.86,9.44,-14.53333333,176,259,26,-10.92229611,-0.569017105,2.6,-12.65,58,5.8
1948,1031,12.24,11.76,-10.43333333,186,129,35,-21.09119689,-27.21850591,2.801185898,-8.55,64,5.349305494
1948,1032,12.26,11.8,-10.46666667,183,127,35,-21.50463336,-27.69896297,2.790772968,-8.65,64,5.349305494
1948,1033,10.16,9.94,-14.83333333,207,159,23,-11.6488981,-15.76527395,2.3,-13.875,62,5.968976133
1949,1067,12.04,11.4,-8.266666667,136,218,26,-27.65504775,-14.02696875,0.689483607,-13.95,97,8.366596372
1949,1079,9.54,10.18,-10.06666667,330,272,40,6.089961106,-2.356530813,3.938561355,-16.325,79,7.756554104
1949,1101,9.9,10.38,-10.63333333,232,329,30,-8.019767766,2.285255484,2.659866851,-18.75,76,7.411431848
1949,1104,9.68,10.04,-11.3,184,216,19,-12.02281052,-7.942943824,1.58184564,-19,72,7.051130299
1949,1021,9.44,9.88,-12.06666667,259,200,33,-0.569017105,-8.226179191,3.3,-17.575,79,7.882125741
1949,1031,11.76,11.14,-8.433333333,129,207,22,-27.21850591,-14.31753479,0.525816713,-14.05,82,6.907943882
1949,1032,11.8,11.18,-8.466666667,127,206,21,-27.69896297,-14.50820619,0.421291887,-14.15,82,6.931151946
1949,1033,9.94,10.12,-13.53333333,159,234,19,-15.76527395,-5.802196247,1.659429939,-19.7,62,5.978811716
1950,1067,11.4,12.42,-10.2,218,151,15,-14.02696875,-25.9661947,0.281905297,-14.975,91,8.308075188
1950,1079,10.18,11.7,-12.03333333,272,162,21,-2.356530813,-18.81382692,1.423777981,-12.35,87,8.331013849
1950,1101,10.38,11.98,-13.16666667,329,212,23,2.285255484,-14.48650937,1.745600661,-15.45,90,8.912001026
1950,1104,10.04,11.56,-13.43333333,216,155,18,-7.942943824,-18.73569729,1.343272012,-15.9,83,8.263818028
1950,1021,9.88,11.52,-12.96666667,200,163,15,-8.226179191,-19.02583906,1.033998076,-14.15,75,7.251052467
1950,1031,11.14,12.2,-10.43333333,207,143,14,-14.31753479,-26.05604254,0.213956743,-15.05,80,7.239971667
1950,1032,11.18,12.24,-10.43333333,206,143,13,-14.50820619,-26.18110779,0.090950591,-15.15,80,7.264554328
1950,1033,10.12,11.46,-15.23333333,234,168,9,-5.802196247,-17.73279047,0.662158165,-16.975,77,7.665426828
1951,1067,12.42,12.84,-9.066666667,151,201,27,-25.9661947,-20.53038425,0.644801713,-16.55,80,7.474786103
1951,1079,11.7,11.54,-11.66666667,162,196,31,-18.81382692,-13.64979159,1.600924982,-17.225,73,7.099489169
1951,1101,11.98,11.98,-12.1,212,165,25,-14.48650937,-19.82061655,0.871043534,-18.95,71,7.026818029
1951,1104,11.56,11.6,-12.36666667,155,146,27,-18.73569729,-20.42191409,1.167499608,-19.325,49,4.860996023
1951,1021,11.52,11.3,-13.53333333,163,210,30,-19.02583906,-11.92371877,2.07445778,-18,80,7.900290521
1951,1031,12.2,12.58,-9.3,143,191,24,-26.05604254,-20.7602381,0.356309064,-16.675,68,6.326310946
1951,1032,12.24,12.64,-9.266666667,143,190,23,-26.18110779,-20.94170935,0.256309064,-16.775,67,6.226310946
1951,1033,11.46,11.56,-14.26666667,168,134,19,-17.73279047,-21.48298807,0.663813045,-20.425,42,4.109028676
1952,1067,12.84,11.5,-7.933333333,201,158,23,-20.53038425,-19.74216133,1.068455725,-15.625,83,8.087226312
1952,1079,11.54,9.84,-10.23333333,196,209,18,-13.64979159,-5.771814509,1.293382747,-15.125,93,9.3
1952,1101,11.98,9.8,-10.36666667,165,325,17,-19.82061655,4.168838954,0.915961856,-18.45,81,8.1
1952,1104,11.6,9.44,-10.8,146,284,15,-20.42191409,0.915003489,0.803274785,-19.05,64,6.4
1952,1021,11.3,9.28,-12.1,210,258,16,-11.92371877,-0.876765102,1.391363974,-16.2,76,7.6
1952,1031,12.58,11.24,-8.166666667,191,152,17,-20.7602381,-19.6652614,0.51084265,-15.725,72,7.041416926
1952,1032,12.64,11.28,-8.166666667,190,150,17,-20.94170935,-20.00226169,0.487717161,-15.85,73,7.141416926
1952,1033,11.56,9.54,-12.73333333,134,237,10,-21.48298807,-4.380625312,0.538691084,-20.325,55,5.5
1953,1067,11.5,13.42,-5.333333333,158,132,40,-19.74216133,-30.7775211,1.454454448,-10.9,97,7.189199121
1953,1079,9.84,12.1,-7.8,209,268,13,-5.771814509,-6.89099737,-0.797768521,-13.225,30,2.347154537
1953,1101,9.8,12.02,-7.733333333,325,264,21,4.168838954,-9.307187211,-0.134634838,-13.875,66,5.938543255
1953,1104,9.44,11.54,-8.3,284,200,15,0.915003489,-14.44285325,-0.553366415,-14.85,44,3.825823288
1953,1021,9.28,12,-10.1,258,327,17,-0.876765102,-1.697205899,0.16358847,-14.575,40,3.62617536
1953,1031,11.24,13.18,-5.566666667,152,126,34,-19.6652614,-30.45060324,0.908907002,-11.025,83,5.998856579
1953,1032,11.28,13.22,-5.566666667,150,125,34,-20.00226169,-30.79482429,0.908907002,-11.125,84,6.107769983
1953,1033,9.54,11.32,-10.53333333,237,218,11,-4.380625312,-12.434346,-0.420121247,-16.675,47,4.105466863
1954,1067,13.42,12.72,-9.466666667,132,145,27,-30.7775211,-26.88374779,1.907005852,-14.175,68,6.126771074
1954,1079,12.1,11,-12.53333333,268,249,19,-6.89099737,-6.335311155,1.581521094,-15,32,3.125112856
1954,1101,12.02,11.02,-12.96666667,264,264,18,-9.307187211,-7.622825634,1.577859559,-16.475,49,4.873824846
1954,1104,11.54,10.46,-13.33333333,200,210,17,-14.44285325,-11.21190552,1.571801838,-17.225,38,3.8
1954,1021,12,10.86,-14.2,327,285,17,-1.697205899,-3.24187837,1.505640737,-15.8,42,4.2
1954,1031,13.18,12.46,-9.666666667,126,140,23,-30.45060324,-26.51006566,1.56502697,-14.3,61,5.478001322
1954,1032,13.22,12.52,-9.7,125,138,22,-30.79482429,-26.99195157,1.435933767,-14.4,61,5.484992481
1954,1033,11.32,10.24,-15.43333333,218,169,12,-12.434346,-14.7600241,1.2,-18.75,31,3.1
1955,1067,12.72,11.6,-7.9,145,128,34,-26.88374779,-22.75547992,2.415003469,-11.25,95,7.784956979
1955,1079,11,10.24,-12.86666667,249,340,39,-6.335311155,5.98315589,3.9,-13.375,50,4.214316257
1955,1101,11.02,10.32,-12.16666667,264,298,40,-7.622825634,-0.854776303,3.814517557,-14.325,56,4.929207597
1955,1104,10.46,9.8,-12.33333333,210,196,33,-11.21190552,-9.237583989,3.116450277,-14.975,44,3.926575659
1955,1021,10.86,10.1,-14.73333333,285,271,43,-3.24187837,-1.341919067,4.3,-14.525,50,4.457775087
1955,1031,12.46,11.36,-8.1,140,129,29,-26.51006566,-22.00038553,1.954000872,-11.3,82,6.531054955
1955,1032,12.52,11.38,-8.133333333,138,126,29,-26.99195157,-22.41721405,1.954000872,-11.425,82,6.531054955
1955,1033,10.24,9.68,-13.86666667,169,170,25,-14.7600241,-11.33342072,2.445525295,-16.15,38,3.440907383
1956,1067,11.6,11.8,-9.1,128,172,37,-22.75547992,-18.21980451,1.963515037,-17.975,141,13.40466536
1956,1079,10.24,10.8,-11.56666667,340,250,30,5.98315589,-4.43050162,2.056472841,-18.225,96,9.565722956
1956,1101,10.32,10.74,-12.3,298,262,29,-0.854776303,-5.046756797,1.826997387,-20.9,80,8
1956,1104,9.8,10.08,-12.53333333,196,183,19,-9.237583989,-10.68480971,0.963952722,-21.4,61,6.1
1956,1021,10.1,10.6,-13.5,271,290,36,-1.341919067,-0.62149291,2.980507835,-19.425,99,9.9
1956,1031,11.36,11.56,-9.333333333,129,168,32,-22.00038553,-17.94811185,1.518917299,-18.1,126,11.9439175
1956,1032,11.38,11.6,-9.366666667,126,166,32,-22.41721405,-18.23524337,1.49053887,-18.2,125,11.85980603
1956,1033,9.68,9.7,-14.4,170,166,18,-11.33342072,-11.47174469,1.149963528,-22.7,46,4.6
1957,1067,11.8,12.94,-6.766666667,172,174,23,-18.21980451,-24.96189544,0.567994881,-14.95,107,10.49769418
1957,1079,10.8,12.04,-7.733333333,250,81,21,-4.43050162,-26.48337198,1.012511186,-18,105,10.5
1957,1101,10.74,12.1,-8.933333333,262,177,32,-5.046756797,-19.97652121,2.145488041,-19.175,121,12.1
1957,1104,10.08,11.54,-9.5,183,153,29,-10.68480971,-20.40680443,2.040842063,-19.75,99,9.9
1957,1021,10.6,11.96,-9.666666667,290,140,28,-0.62149291,-22.71245079,1.977536289,-19.4,94,9.4
1957,1031,11.56,12.7,-6.966666667,168,166,22,-17.94811185,-24.92402678,0.62467284,-15.075,93,9.139726153
1957,1032,11.6,12.74,-7,166,164,21,-18.23524337,-25.34879454,0.52467284,-15.2,93,9.139726153
1957,1033,9.7,11.26,-11.66666667,166,166,24,-11.47174469,-18.9022557,1.887167076,-21.125,86,8.6
1958,1067,12.94,12.82,-6.4,174,153,19,-24.96189544,-24.79822993,-1.33141342,-10.6,111,9.248290007
1958,1079,12.04,11.68,-6.966666667,81,155,16,-26.48337198,-18.0651573,-0.007138016,-12.55,54,4.880798313
1958,1101,12.1,12.2,-7.633333333,177,138,20,-19.97652121,-22.80376942,-0.420688361,-13.975,73,6.870419789
1958,1104,11.54,11.7,-8.233333333,153,138,21,-20.40680443,-21.00244904,-0.046398374,-14.65,57,5.412770664
1958,1021,11.96,11.4,-8.733333333,140,186,20,-22.71245079,-14.95645234,0.748024706,-13.575,79,7.515207217
1958,1031,12.7,12.58,-6.6,166,144,14,-24.92402678,-25.02451958,-1.766594881,-10.7,96,7.95551393
1958,1032,12.74,12.6,-6.633333333,164,143,15,-25.34879454,-25.25274117,-1.710741453,-10.8,97,8.068633682
1958,1033,11.26,11.48,-10.43333333,166,141,16,-18.9022557,-20.17539477,-0.056943516,-15.9,49,4.682399097
1959,1067,12.82,11.3,-9.8,153,190,28,-24.79822993,-17.09649522,1.81444763,-17.725,104,10.4
1959,1079,11.68,10.5,-11.83333333,155,266,35,-18.0651573,-2.232198721,3.235268666,-17.55,55,5.5
1959,1101,12.2,10.52,-11.96666667,138,294,33,-22.80376942,-0.951791007,2.908439367,-19.2,77,7.7
1959,1104,11.7,10.02,-12.23333333,138,235,23,-21.00244904,-4.752319986,1.975876034,-19.925,48,4.8
1959,1021,11.4,10.44,-13.43333333,186,298,43,-14.95645234,-1.08158052,4.189237267,-18.225,57,5.7
1959,1031,12.58,11,-10.03333333,144,178,23,-25.02451958,-17.4030664,1.379513078,-17.925,93,9.3
1959,1032,12.6,11.06,-10.06666667,143,177,23,-25.25274117,-17.68731178,1.359914987,-18.025,94,9.4
1959,1033,11.48,9.94,-14.1,141,220,15,-20.17539477,-5.230518632,1.35326535,-21.5,50,5
1960,1067,11.3,10.94,-8.7,190,222,23,-17.09649522,-13.17946485,0.966675855,-13.725,109,10.7274146
1960,1079,10.5,11.06,-10.13333333,266,249,23,-2.232198721,-6.419875063,1.945788274,-13.75,78,7.725112856
1960,1101,10.52,10.92,-9.733333333,294,262,24,-0.951791007,-7.617550393,1.681353295,-15.625,63,6.3
1960,1104,10.02,10.5,-10.1,235,219,19,-4.752319986,-10.39751666,1.23435612,-16.4,48,4.8
1960,1021,10.44,10.94,-11.83333333,298,250,24,-1.08158052,-7.088656014,2.281029132,-14.675,79,7.9
1960,1031,11,10.66,-8.9,178,212,19,-17.4030664,-13.29703145,0.620221729,-13.85,97,9.571866262
1960,1032,11.06,10.7,-8.933333333,177,211,19,-17.68731178,-13.56613272,0.610142975,-13.95,97,9.571866262
1960,1033,9.94,10.48,-12.1,220,220,18,-5.230518632,-10.71472859,1.252606066,-17.775,43,4.3
1961,1067,10.94,10.92,-10.23333333,222,232,36,-13.17946485,-11.06746648,2.376435199,-13.025,74,6.885755916
1961,1079,11.06,10.98,-12.56666667,249,280,20,-6.419875063,-1.934350677,1.832369828,-12.1,50,4.761360589
1961,1101,10.92,10.68,-12.86666667,262,357,21,-7.617550393,4.278051415,1.71711383,-13.75,74,7.25356899
1961,1104,10.5,10.16,-13.03333333,219,268,19,-10.39751666,-2.905200036,1.569198153,-14.6,52,5.106017558
1961,1021,10.94,10.78,-14.43333333,250,298,24,-7.088656014,-0.627029745,2.385609044,-12.975,42,4.064957871
1961,1031,10.66,10.68,-10.5,212,221,31,-13.29703145,-11.21505492,1.938795545,-13.15,63,5.826625435
1961,1032,10.7,10.7,-10.53333333,211,220,30,-13.56613272,-11.55167976,1.816355447,-13.225,64,5.926625435
1961,1033,10.48,10,-14.56666667,220,242,17,-10.71472859,-5.237767675,1.475197022,-16.15,54,5.234506127
1962,1067,10.92,11.04,-8.733333333,232,191,21,-11.06746648,-15.10924674,0.471636981,-18.025,140,13.87632865
1962,1079,10.98,10.94,-8.233333333,280,390,53,-1.934350677,10.06047994,4.661766195,-18.075,81,8.1
1962,1101,10.68,10.42,-9.333333333,357,314,40,4.278051415,0.843904596,3.148997847,-20.4,102,10.2
1962,1104,10.16,9.96,-9.633333333,268,230,36,-2.905200036,-5.916950023,2.85045978,-20.875,78,7.8
1962,1021,10.78,10.74,-10.23333333,298,335,57,-0.627029745,3.53572094,5.249492552,-19.2,82,8.2
1962,1031,10.68,10.78,-8.933333333,221,179,17,-11.21505492,-15.60766918,0.132773323,-18.175,118,11.72153346
1962,1032,10.7,10.82,-8.933333333,220,179,17,-11.55167976,-15.72329573,0.132773323,-18.3,118,11.72153346
1962,1033,10,9.82,-11.36666667,242,243,22,-5.237767675,-4.306042542,1.619041355,-22.025,65,6.5
1963,1067,11.04,11.52,-8.066666667,191,119,42,-15.10924674,-25.61137782,3.371237628,-13.175,79,6.884036183
1963,1079,10.94,10.86,-10.53333333,390,250,72,10.06047994,-5.177986982,7.050083725,-11.95,74,6.751972413
1963,1101,10.42,10.78,-10.2,314,169,47,0.843904596,-16.27856216,4.348869628,-14.05,65,5.964405495
1963,1104,9.96,10.36,-10.33333333,230,138,40,-5.916950023,-17.66964975,3.629632205,-14.65,67,6.311128499
1963,1021,10.74,10.6,-12.16666667,335,304,69,3.53572094,-0.547030969,6.9,-13.35,63,5.868221702
1963,1031,10.78,11.24,-8.3,179,112,36,-15.60766918,-25.34034363,2.825153368,-13.275,68,5.822010762
1963,1032,10.82,11.28,-8.333333333,179,111,35,-15.72329573,-25.70801827,2.707123746,-13.375,70,6.047784398
1963,1033,9.82,10.3,-11.93333333,243,136,36,-4.306042542,-17.73523921,3.34164946,-15.725,60,5.667152768
1964,1067,11.52,10.1,-8.9,119,155,45,-25.61137782,-16.94802297,3.644555894,-16.275,58,5.149261919
1964,1079,10.86,10.26,-12.03333333,250,209,33,-5.177986982,-6.407235561,3.080706251,-15.45,59,5.679717537
1964,1101,10.78,9.86,-11.53333333,169,211,25,-16.27856216,-8.846350168,2.134926572,-16.6,61,5.850611623
1964,1104,10.36,9.4,-11.76666667,138,203,25,-17.66964975,-8.956249734,2.155061616,-17.375,46,4.403797091
1964,1021,10.6,10.16,-14.06666667,304,210,44,-0.547030969,-8.551217462,4.355658743,-16.15,68,6.663423562
1964,1031,11.24,9.8,-9.133333333,112,145,39,-25.34034363,-17.10973138,3.080220563,-16.4,50,4.393067385
1964,1032,11.28,9.84,-9.166666667,111,143,38,-25.70801827,-17.45799419,2.980220563,-16.5,49,4.299999305
1964,1033,10.3,9.22,-13.4,136,219,18,-17.73523921,-8.054957638,1.517182627,-18.875,49,4.670691494
1965,1067,10.1,10.58,-7.166666667,155,187,37,-16.94802297,-16.18471119,1.134524665,-16.775,97,8.837140504
1965,1079,10.26,10.18,-9.5,209,201,30,-6.407235561,-6.271333248,1.893164134,-17.9,66,6.199006383
1965,1101,9.86,10.46,-8.3,211,239,26,-8.846350168,-6.604475778,0.979337939,-19.125,85,8.058045595
1965,1104,9.4,9.94,-8.733333333,203,210,23,-8.956249734,-8.489613354,0.883117992,-19.975,62,5.859133572
1965,1021,10.16,10,-10.93333333,210,251,37,-8.551217462,-2.734085406,3.070491363,-18.5,81,7.836188529
1965,1031,9.8,10.32,-7.366666667,145,176,29,-17.10973138,-16.53966393,0.61265746,-16.875,88,8.00308884
1965,1032,9.84,10.36,-7.366666667,143,174,30,-17.45799419,-16.93485496,0.738464927,-17.025,88,8.00308884
1965,1033,9.22,9.66,-10.73333333,219,196,19,-8.054957638,-10.67039284,1.223931323,-21.65,41,3.791854965
1966,1067,10.58,10.74,-10.13333333,187,163,24,-16.18471119,-16.81285198,1.103054639,-19.925,110,11
1966,1079,10.18,12.22,-13.33333333,201,103,53,-6.271333248,-22.53703727,4.934861816,-19.25,103,10.3
1966,1101,10.46,10.74,-12.3,239,193,33,-6.604475778,-12.88875372,2.651438886,-20.15,105,10.5
1966,1104,9.94,10.24,-12.56666667,210,160,26,-8.489613354,-15.19963897,2.001266361,-21.05,75,7.5
1966,1021,10,11.66,-14.83333333,251,158,52,-2.734085406,-18.99553736,5.016086487,-19.625,95,9.5
1966,1031,10.32,10.52,-10.36666667,176,154,20,-16.53966393,-17.21948706,0.757986572,-20.1,102,10.2
1966,1032,10.36,10.54,-10.36666667,174,154,20,-16.93485496,-17.44834858,0.734674431,-20.2,102,10.2
1966,1033,9.66,9.98,-14.16666667,196,137,21,-10.67039284,-17.63338768,1.660643155,-22.875,69,6.9
1967,1067,10.74,11.5,-9.4,163,161,40,-16.81285198,-18.53773311,2.891599185,-18.05,83,8.241607732
1967,1079,12.22,11.58,-10.03333333,103,355,74,-22.53703727,6.6363649,6.604823633,-17.425,82,8.123332981
1967,1101,10.74,11.32,-10.26666667,193,297,54,-12.88875372,-3.031583886,4.308813724,-18.925,89,8.9
1967,1104,10.24,10.86,-10.6,160,257,42,-15.19963897,-6.16853157,3.19554651,-19.7,62,6.2
1967,1021,11.66,11.42,-11.46666667,158,382,88,-18.99553736,6.970703429,8.139327831,-17.875,93,9.192147736
1967,1031,10.52,11.26,-9.566666667,154,149,34,-17.21948706,-19.13836732,2.343749702,-18.15,70,6.978313438
1967,1032,10.54,11.28,-9.6,154,148,35,-17.44834858,-19.42259934,2.422283097,-18.275,70,6.978313438
1967,1033,9.98,10.76,-12.53333333,137,228,30,-17.63338768,-9.438576279,2.25058249,-21.275,52,5.2
1968,1067,11.5,10.6,-7,161,142,63,-18.53773311,-19.17809638,5.471237628,-14.3,93,8.964299567
1968,1079,11.58,11.8,-9.6,355,145,14,6.6363649,-18.87598482,0.817679151,-13.2,111,10.98943516
1968,1101,11.32,11.14,-7.766666667,297,252,15,-3.031583886,-10.68570592,0.555966145,-15.475,82,8.151380945
1968,1104,10.86,10.66,-8.466666667,257,204,11,-6.16853157,-12.9510983,0.278808976,-16,73,7.3
1968,1021,11.42,11.36,-11.43333333,382,197,26,6.970703429,-14.51729778,2.271631604,-14.65,123,12.29371589
1968,1031,11.26,10.32,-7.233333333,149,130,54,-19.13836732,-19.53156189,4.607123746,-14.425,78,7.513834479
1968,1032,11.28,10.36,-7.266666667,148,130,55,-19.42259934,-19.70125471,4.698086904,-14.5,77,7.425621395
1968,1033,10.76,10.4,-10.86666667,228,232,12,-9.438576279,-7.530531347,0.68145665,-17.05,65,6.488263863
1969,1067,10.6,11.08,-7.833333333,142,110,15,-19.17809638,-26.37269841,-0.541903065,-19.95,50,4.805461796
1969,1079,11.8,11.62,-9.2,145,178,22,-18.87598482,-16.89290947,0.351832914,-18.8,83,8.3
1969,1101,11.14,11,-8.7,252,181,16,-10.68570592,-18.80482363,-0.281266601,-20.65,70,7
1969,1104,10.66,10.44,-9.233333333,204,132,17,-12.9510983,-21.49129063,-0.07174679,-21.275,48,4.8
1969,1021,11.36,11.3,-10.93333333,197,207,17,-14.51729778,-14.5345053,0.248644856,-19.725,83,8.3
1969,1031,10.32,10.84,-8,130,101,12,-19.53156189,-26.23757388,-0.803051445,-20.1,46,4.447881352
1969,1032,10.36,10.86,-8,130,100,12,-19.70125471,-26.60070384,-0.803051445,-20.2,47,4.547881352
1969,1033,10.4,10.16,-11.4,232,135,10,-7.530531347,-19.77295183,-0.468149961,-22.65,40,4
1970,1067,11.08,9.96,-3.766666667,110,172,22,-26.37269841,-12.97218892,0.598842918,-14.175,45,3.191792778
1970,1079,11.62,11.28,-5.333333333,178,205,46,-16.89290947,-9.583822351,3.572433032,-12.875,35,2.170139535
1970,1101,11,10,-5.533333333,181,200,23,-18.80482363,-10.85851189,1.252201343,-14.525,35,2.244914431
1970,1104,10.44,9.44,-6.066666667,132,193,22,-21.49129063,-9.79296579,1.352638632,-15.575,26,1.626613049
1970,1021,11.3,10.8,-7.333333333,207,294,25,-14.5345053,-0.804294967,1.750660539,-13.775,41,3.255478345
1970,1031,10.84,9.68,-3.933333333,101,163,18,-26.23757388,-13.17317822,0.418465867,-14.275,38,2.553077466
1970,1032,10.86,9.72,-3.933333333,100,162,18,-26.60070384,-13.31431316,0.418465867,-14.4,37,2.453077466
1970,1033,10.16,9.14,-8.233333333,135,183,16,-19.77295183,-9.731232682,1.021252388,-17.65,22,1.412227049
1971,1067,9.96,10.42,-9.066666667,172,206,16,-12.97218892,-11.40765254,0.706727135,-18.7,70,7
1971,1079,11.28,11.58,-12.53333333,205,245,37,-9.583822351,-6.763195483,3.374900584,-17.825,193,19.3
1971,1101,10,10.62,-12.56666667,200,206,30,-10.85851189,-13.68577273,2.542618228,-20.025,95,9.5
1971,1104,9.44,10.18,-12.63333333,193,191,20,-9.79296579,-13.59298115,1.560953602,-20.7,64,6.4
1971,1021,10.8,11.22,-14.66666667,294,241,28,-0.804294967,-6.88691698,2.671262855,-18.9,156,15.6
1971,1031,9.68,10.18,-9.3,163,198,14,-13.17317822,-11.45167749,0.543439312,-18.825,65,6.5
1971,1032,9.72,10.2,-9.333333333,162,196,13,-13.31431316,-11.77106509,0.443439312,-18.975,65,6.5
1971,1033,9.14,10.04,-14.13333333,183,148,12,-9.731232682,-17.31324349,0.910737385,-22.175,51,5.1
1972,1067,10.42,10.68,-14.36666667,206,155,43,-11.40765254,-17.6757459,4.3,-18.625,140,13.79565343
1972,1079,11.58,11.38,-15.1,245,156,20,-6.763195483,-15.65632511,2,-15.375,120,11.73440163
1972,1101,10.62,10.8,-16.73333333,206,196,29,-13.68577273,-16.33335697,2.9,-19.55,88,8.8
1972,1104,10.18,10.2,-16.9,191,147,24,-13.59298115,-18.6993265,2.4,-20.25,66,6.6
1972,1021,11.22,11.18,-16.9,241,186,15,-6.88691698,-13.77340677,1.5,-16.9,105,10.3623352
1972,1031,10.18,10.42,-14.63333333,198,147,31,-11.45167749,-17.46969373,3.1,-18.725,124,12.23866818
1972,1032,10.2,10.46,-14.63333333,196,145,31,-11.77106509,-17.99457958,3.1,-18.85,124,12.23866818
1972,1033,10.04,9.86,-18.66666667,148,134,19,-17.31324349,-17.52901343,1.9,-21.825,67,6.7
1973,1067,10.68,10.4,-8.4,155,151,19,-17.6757459,-16.76002624,0.267513627,-17.5,68,6.367120936
1973,1079,11.38,11.9,-8.2,156,238,17,-15.65632511,-7.530316247,0.243669118,-14.4,103,10.05604115
1973,1101,10.8,10.48,-9.266666667,196,271,15,-16.33335697,-7.023003552,-0.169381305,-17.6,63,6.070988634
1973,1104,10.2,9.96,-9.633333333,147,171,15,-18.6993265,-14.772413,-0.009102238,-18.375,40,3.921398344
1973,1021,11.18,11.42,-10.46666667,186,231,10,-13.77340677,-7.536260592,-0.084196723,-16.15,92,9.124622053
1973,1031,10.42,10.16,-8.633333333,147,143,15,-17.46969373,-16.59061657,-0.095465602,-17.6,61,5.711293735
1973,1032,10.46,10.18,-8.633333333,145,142,15,-17.99457958,-16.86107589,-0.095465602,-17.725,61,5.730304986
1973,1033,9.86,9.66,-11.53333333,134,176,12,-17.52901343,-12.12844135,0.001593494,-20.125,39,3.9
1974,1067,10.4,11.32,-9.966666667,151,145,52,-16.76002624,-23.82853496,3.612368268,-18.875,51,4.962744188
1974,1079,11.9,12.88,-12.06666667,238,140,26,-7.530316247,-21.99658334,1.077682297,-15.5,102,10.08930127
1974,1101,10.48,11.54,-13.06666667,271,224,23,-7.023003552,-14.59192983,0.785610372,-18.975,70,7
1974,1104,9.96,10.96,-13.03333333,171,158,15,-14.772413,-19.0352059,0.100692737,-19.95,44,4.4
1974,1021,11.42,12.42,-13.9,231,219,22,-7.536260592,-15.43637536,1.082921275,-16.825,63,6.3
1974,1031,10.16,11.08,-10.23333333,143,138,45,-16.59061657,-23.16781685,2.991442299,-19.025,46,4.499804662
1974,1032,10.18,11.14,-10.2,142,136,45,-16.86107589,-23.48559194,2.965054692,-19.125,46,4.51469728
1974,1033,9.66,10.72,-14.2,176,183,13,-12.12844135,-14.9490665,0.188348758,-21.925,38,3.8
1975,1067,11.32,11.14,-10.53333333,145,215,19,-23.82853496,-13.04332959,0.852907262,-14.1,90,8.277287563
1975,1079,12.88,13.12,-9.266666667,140,165,29,-21.99658334,-18.53561155,2.184079709,-16.875,146,14.6
1975,1101,11.54,11.48,-10.66666667,224,387,19,-14.59192983,1.604530546,1.089185052,-18.55,72,7.2
1975,1104,10.96,11.02,-11,158,270,17,-19.0352059,-7.853097414,0.90592695,-18.85,57,5.7
1975,1021,12.42,12.44,-11.6,219,224,20,-15.43637536,-13.39442943,1.567299176,-18.275,96,9.6
1975,1031,11.08,10.9,-10.73333333,138,205,17,-23.16781685,-12.75913426,0.700677996,-14.225,80,7.344904053
1975,1032,11.14,10.94,-10.76666667,136,204,17,-23.48559194,-13.08953174,0.700677996,-14.35,80,7.350473788
1975,1033,10.72,10.96,-12.86666667,183,237,10,-14.9490665,-10.16058434,0.317935927,-19.575,46,4.6
1976,1067,11.14,11.22,-9.533333333,215,96,22,-13.04332959,-26.33956915,0.558441348,-16.025,41,3.473125932
1976,1079,13.12,11.74,-10.26666667,165,194,25,-18.53561155,-13.58709928,0.705234657,-17.7,45,4.458251188
1976,1101,11.48,11.4,-11.9,387,246,19,1.604530546,-12.36581113,0.3211526,-19.925,55,5.5
1976,1104,11.02,11.04,-11.73333333,270,167,16,-7.853097414,-18.37037441,-0.00201244,-20.425,40,4
1976,1021,12.44,11.66,-12.36666667,224,198,13,-13.39442943,-15.16347481,-0.02019545,-18.675,57,5.7
1976,1031,10.9,10.98,-9.733333333,205,94,18,-12.75913426,-25.74498364,0.20233739,-16.175,36,3.023690359
1976,1032,10.94,11.02,-9.766666667,204,93,17,-13.08953174,-26.05256475,0.093567386,-16.275,36,3.030299501
1976,1033,10.96,10.98,-12.73333333,237,152,9,-10.16058434,-18.6523255,-0.599582112,-21.45,40,4
1977,1067,11.22,11.62,-5.266666667,96,156,36,-26.33956915,-21.67983309,2.304925974,-9.125,237,23.03780702
1977,1079,11.74,12.36,-8.966666667,194,254,31,-13.58709928,-8.023053229,2.646036003,-9.85,40,3.95100251
1977,1101,11.4,11.78,-8.633333333,246,271,23,-12.36581113,-10.58685404,1.602588321,-11.15,46,4.6
1977,1104,11.04,11.34,-8.633333333,167,217,26,-18.37037441,-14.12241485,1.868092572,-12.175,43,4.3
1977,1021,11.66,12.14,-10.9,198,254,24,-15.16347481,-10.04722577,2.212541017,-11.025,74,7.4
1977,1031,10.98,11.38,-5.5,94,147,31,-25.74498364,-21.77533046,1.86369529,-9.175,199,19.27957733
1977,1032,11.02,11.42,-5.466666667,93,146,30,-26.05256475,-21.94723631,1.756987228,-9.275,201,19.47957733
1977,1033,10.98,11.32,-9.866666667,152,188,19,-18.6523255,-16.43733526,1.166674605,-14.025,41,4.1
1978,1067,11.62,11.26,-7.266666667,156,111,39,-21.67983309,-24.84584732,2.561500467,-17.325,59,5.029882072
1978,1079,12.36,11.88,-6.766666667,254,153,14,-8.023053229,-17.7099353,-0.2133123,-15.575,93,9.11077547
1978,1101,11.78,11.8,-7.366666667,271,193,20,-10.58685404,-16.89369609,0.403684987,-17.625,55,5.341571169
1978,1104,11.34,11.42,-7.8,217,148,18,-14.12241485,-20.79788958,0.187514497,-18.4,39,3.804569122
1978,1021,12.14,11.68,-8.666666667,254,196,24,-10.04722577,-15.41111006,1.138984746,-16.375,56,5.535681871
1978,1031,11.38,11.02,-7.5,147,104,33,-21.77533046,-24.71171561,2.025893988,-17.425,50,4.181766802
1978,1032,11.42,11.06,-7.466666667,146,104,34,-21.94723631,-24.81972584,2.10221763,-17.55,50,4.187578496
1978,1033,11.32,11.5,-9.666666667,188,145,11,-16.43733526,-22.45128044,-0.413436214,-20.075,39,3.822551026
1979,1067,11.26,12.02,-10.9,111,129,43,-24.84584732,-24.50720133,2.810631669,-13.25,130,11.98261846
1979,1079,11.88,12,-13.16666667,153,181,29,-17.7099353,-15.55731906,1.980582572,-12.3,97,9.693789874
1979,1101,11.8,12,-13.73333333,193,251,18,-16.89369609,-12.04840003,0.499303367,-14.7,61,6.1
1979,1104,11.42,11.62,-13.63333333,148,187,18,-20.79788958,-16.8810169,0.429978927,-15.45,46,4.6
1979,1021,11.68,11.8,-14.53333333,196,198,26,-15.41111006,-14.86581755,1.981735534,-13.425,66,6.6
1979,1031,11.02,11.72,-11.16666667,104,124,33,-24.71171561,-24.05062411,1.854005123,-13.325,115,10.55006925
1979,1032,11.06,11.78,-11.16666667,104,123,33,-24.81972584,-24.2860785,1.854005123,-13.475,115,10.55006925
1979,1033,11.5,11.5,-14.76666667,145,187,15,-22.45128044,-16.86376219,0.128108969,-17,47,4.7
1980,1067,12.02,11.28,-4.166666667,129,173,23,-24.50720133,-17.29215295,0.093711825,-12.675,113,9.693274678
1980,1079,12,10.8,-3.933333333,181,171,14,-15.55731906,-12.65301375,-0.302963399,-11.65,119,10.98855572
1980,1101,12,11.16,-5.4,251,220,15,-12.04840003,-11.60838327,-0.726765411,-14.825,40,3.001839308
1980,1104,11.62,10.72,-5.8,187,189,16,-16.8810169,-13.57353405,-0.678229395,-15.525,34,2.57757096
1980,1021,11.8,10.68,-6.3,198,222,22,-14.86581755,-8.068435933,0.895042463,-13.225,88,8.170337714
1980,1031,11.72,11,-4.333333333,124,164,18,-24.05062411,-17.18522171,-0.388426009,-12.75,96,8.191422901
1980,1032,11.78,11.04,-4.366666667,123,163,18,-24.2860785,-17.54875664,-0.394983016,-12.875,98,8.403031396
1980,1033,11.5,10.68,-7.766666667,187,182,14,-16.86376219,-15.30553819,-0.896091488,-17,30,2.206902694
1981,1067,11.28,10.82,-5.666666667,173,197,20,-17.29215295,-13.30562725,1.089671315,-12.975,69,6.01886161
1981,1079,10.8,10.78,-4.833333333,171,199,31,-12.65301375,-9.137029822,1.46021243,-10.8,73,6.427713958
1981,1101,11.16,10.8,-6.833333333,220,232,16,-11.60838327,-8.375602304,0.815383049,-14,38,3.331649047
1981,1104,10.72,10.42,-7.133333333,189,173,15,-13.57353405,-13.63392682,0.838126405,-15,22,1.805905905
1981,1021,10.68,10.74,-6.966666667,222,292,31,-8.068435933,-1.768125305,2.202373417,-12.325,45,3.907256291
1981,1031,11,10.52,-5.866666667,164,187,16,-17.18522171,-13.45772943,0.93696536,-13.1,58,4.964876901
1981,1032,11.04,10.56,-5.866666667,163,185,16,-17.54875664,-13.72467776,0.929374014,-13.2,58,4.987777688
1981,1033,10.68,10.46,-8.833333333,182,176,12,-15.30553819,-13.69264837,0.751015381,-17,20,1.575361719
1982,1067,10.82,11.26,-8.966666667,197,107,50,-13.30562725,-25.60801555,4.244308761,-17.725,95,8.917177758
1982,1079,10.78,11.74,-9.733333333,199,241,43,-9.137029822,-7.011966174,3.877707397,-13.475,104,9.979073461
1982,1101,10.8,10.38,-13.1,232,226,40,-8.375602304,-7.972307524,3.849243135,-17,71,6.897311553
1982,1104,10.42,10.2,-12.9,173,160,37,-13.63392682,-14.372698,3.481925449,-17.675,49,4.680301373
1982,1021,10.74,11.42,-11.5,292,262,37,-1.768125305,-5.599159166,3.4788052,-14.85,97,9.422288618
1982,1031,10.52,11,-9.166666667,187,103,40,-13.45772943,-25.1888016,3.277690966,-17.85,83,7.748444399
1982,1032,10.56,11.06,-9.2,185,102,40,-13.72467776,-25.3998381,3.277690966,-17.925,83,7.748444399
1982,1033,10.46,10.58,-14.03333333,176,128,31,-13.69264837,-19.22284013,2.875139104,-19.05,57,5.313556479
1983,1067,11.26,11.16,-7.833333333,107,183,22,-25.60801555,-15.93558735,0.26774617,-15.925,71,7.1
1983,1079,11.74,11.42,-6.566666667,241,193,18,-7.011966174,-10.74331687,-0.133064973,-14.3,62,6.2
1983,1101,10.38,9.52,-9.866666667,226,271,19,-7.972307524,-2.00428942,0.510615183,-18.05,76,7.6
1983,1104,10.2,9.4,-9.8,160,221,15,-14.372698,-6.420739347,0.042245477,-18.7,55,5.5
1983,1021,11.42,11.1,-8.7,262,226,12,-5.599159166,-7.996476985,-0.208783561,-15.55,60,6
1983,1031,11,10.88,-8.1,103,178,20,-25.1888016,-15.84758855,0.112716123,-16.075,62,6.2
1983,1032,11.06,10.92,-8.133333333,102,176,20,-25.3998381,-16.2196402,0.104882521,-16.175,62,6.2
1983,1033,10.58,9.76,-10.8,128,218,12,-19.22284013,-7.926695036,-0.264599039,-19.875,58,5.8
1984,1067,11.16,11.32,-5.466666667,183,149,34,-15.93558735,-21.34064283,0.982963688,-13.525,59,5.326105225
1984,1079,11.42,11.34,-9.533333333,193,138,26,-10.74331687,-16.40817827,1.811029985,-13.075,75,7.490347397
1984,1101,9.52,10.08,-10.5,271,359,18,-2.00428942,5.72688864,1.052400064,-15.775,75,7.5
1984,1104,9.4,9.86,-10.16666667,221,220,19,-6.420739347,-7.365455775,1.073998653,-16.45,52,5.2
1984,1021,11.1,11.22,-11.6,226,223,25,-7.996476985,-7.568993724,2.11117099,-14.375,58,5.8
1984,1031,10.88,11.06,-5.7,178,145,31,-15.84758855,-20.87813862,0.91442469,-13.625,51,4.556870645
1984,1032,10.92,11.1,-5.7,176,144,31,-16.2196402,-21.00791399,0.936175107,-13.75,51,4.576317001
1984,1033,9.76,10.14,-10.9,218,228,22,-7.926695036,-7.136170306,1.33552316,-17.625,50,5
1985,1067,11.32,10.34,-10.96666667,149,216,34,-21.34064283,-9.514488598,3.171273799,-13.35,87,8.465206412
1985,1079,11.34,11,-11.83333333,138,247,36,-16.40817827,-3.432355662,3.6,-11.5,84,8.216582796
1985,1101,10.08,9.48,-13.7,359,319,39,5.72688864,3.958966272,3.9,-14.125,101,10.1
1985,1104,9.86,9.2,-13.53333333,220,283,29,-7.365455775,0.847335577,2.9,-14.825,82,8.2
1985,1021,11.22,10.84,-13.7,223,268,34,-7.568993724,-1.419791506,3.4,-12.575,90,8.912614862
1985,1031,11.06,10.08,-11.26666667,145,210,31,-20.87813862,-9.277023357,2.91676579,-13.45,76,7.397563616
1985,1032,11.1,10.1,-11.3,144,207,30,-21.00791399,-9.671184417,2.81676579,-13.575,75,7.315005977
1985,1033,10.14,9.3,-14.43333333,228,245,27,-7.136170306,-3.464013998,2.7,-16.1,70,7
1986,1067,10.34,10.36,-9.5,216,108,45,-9.514488598,-22.58972277,4.471462237,-13.05,91,9.066975795
1986,1079,11,11.84,-10.13333333,247,217,18,-3.432355662,-10.10924396,1.732381352,-13.35,58,5.8
1986,1101,9.48,10.1,-13.26666667,319,202,34,3.958966272,-11.43987323,3.4,-14.825,119,11.9
1986,1104,9.2,9.82,-13.23333333,283,146,26,0.847335577,-16.70137205,2.6,-15.475,77,7.7
1986,1021,10.84,11.58,-12.06666667,268,317,13,-1.419791506,-0.099844032,1.3,-14.4,54,5.4
1986,1031,10.08,10.14,-9.733333333,210,102,37,-9.277023357,-22.34453823,3.7,-13.175,82,8.2
1986,1032,10.1,10.16,-9.7,207,101,36,-9.671184417,-22.57514861,3.6,-13.25,81,8.1
1986,1033,9.3,10,-14.56666667,245,127,15,-3.464013998,-19.75536115,1.5,-16.825,64,6.4
1987,1067,10.36,11.06,-6.533333333,108,194,10,-22.58972277,-14.00749352,-0.732200517,-10.45,91,8.497523849
1987,1079,11.84,12.26,-7.366666667,217,145,7,-10.10924396,-18.99299788,-0.803810737,-11.3,82,7.929076143
1987,1101,10.1,10.58,-9.033333333,202,225,36,-11.43987323,-7.853535548,2.578289695,-13.25,98,9.532845813
1987,1104,9.82,10.3,-9.133333333,146,190,28,-16.70137205,-10.55784997,1.75367919,-14.1,64,6.211228977
1987,1021,11.58,12.02,-9.3,317,188,5,-0.099844032,-14.70061306,-0.594298147,-12.45,89,8.746903631
1987,1031,10.14,10.84,-6.8,102,183,9,-22.34453823,-14.41503094,-0.796384242,-10.525,81,7.534988246
1987,1032,10.16,10.86,-6.766666667,101,182,9,-22.57514861,-14.60543415,-0.796384242,-10.625,83,7.748969902
1987,1033,10,10.38,-10.46666667,127,192,19,-19.75536115,-11.00059379,0.900516183,-15.575,45,4.265810375
1988,1067,11.06,11.16,-5.766666667,194,214,47,-14.00749352,-10.43175681,3.102535657,-12.075,130,11.92732417
1988,1079,12.26,12.9,-6.366666667,145,252,14,-18.99299788,-8.490390384,0.089801976,-11.875,61,5.183614708
1988,1101,10.58,10.88,-8.433333333,225,294,46,-7.853535548,-0.519931001,3.514760626,-14.075,110,10.36370058
1988,1104,10.3,10.58,-8.6,190,182,39,-10.55784997,-10.99943402,2.760392986,-14.8,82,7.698192548
1988,1021,12.02,12.72,-8.266666667,188,271,14,-14.70061306,-7.829835558,0.464359289,-13.025,57,5.079353965
1988,1031,10.84,10.9,-5.966666667,183,205,41,-14.41503094,-10.73425908,2.592922337,-12.1,119,10.85534584
1988,1032,10.86,10.9,-6,182,204,39,-14.60543415,-10.88575799,2.392922337,-12.25,120,10.95830119
1988,1033,10.38,10.7,-10.2,192,219,26,-11.00059379,-8.186524985,1.563471002,-16.275,60,5.545156439
1989,1067,11.16,12.6,-9.933333333,214,205,16,-10.43175681,-17.69364576,-0.345107196,-16.025,149,14.62226069
1989,1079,12.9,12.64,-7.9,252,190,28,-8.490390384,-14.6193961,0.988705804,-16.55,74,7.4
1989,1101,10.88,11.66,-10.13333333,294,306,22,-0.519931001,-3.39451907,0.197764731,-19.025,115,11.5
1989,1104,10.58,11.38,-10.06666667,182,214,18,-10.99943402,-12.17200257,-0.31307154,-19.35,82,8.2
1989,1021,12.72,12.36,-9.766666667,271,238,35,-7.829835558,-9.796454705,2.220918354,-17.65,68,6.8
1989,1031,10.9,12.36,-10.13333333,205,198,15,-10.73425908,-17.45523376,-0.429002936,-16.175,133,13.05172213
1989,1032,10.9,12.36,-10.16666667,204,195,14,-10.88575799,-17.86139178,-0.529002936,-16.3,133,13.05694104
1989,1033,10.7,11.56,-11.5,219,187,12,-8.186524985,-16.21218115,-0.92790336,-20.075,67,6.7
1990,1067,12.6,12.92,-8.766666667,205,180,38,-17.69364576,-22.495192,1.627054275,-13.2,148,14.10664198
1990,1079,12.64,13.14,-10.06666667,190,393,21,-14.6193961,4.35016842,-0.029978256,-14.6,91,8.870555044
1990,1101,11.66,11.86,-11.93333333,306,329,23,-3.39451907,-3.489237727,0.629231662,-16.3,143,14.3
1990,1104,11.38,11.56,-11.7,214,278,17,-12.17200257,-7.844081008,0.197906322,-16.9,89,8.9
1990,1021,12.36,12.9,-12,238,407,24,-9.796454705,5.093695447,0.653247713,-15.675,99,9.807231541
1990,1031,12.36,12.66,-9,198,176,31,-17.45523376,-21.98417146,0.97635394,-13.325,130,12.34667097
1990,1032,12.36,12.68,-9.033333333,195,173,32,-17.86139178,-22.39349833,1.067609871,-13.425,129,12.24667097
1990,1033,11.56,11.68,-12.86666667,187,199,16,-16.21218115,-17.12327758,0.3884064,-18.025,69,6.9
1991,1067,12.92,11.46,-6.433333333,180,195,35,-22.495192,-14.85590736,1.673647748,-17.1,84,8.265974845
1991,1079,13.14,12.24,-8,393,123,53,4.35016842,-22.06610584,3.517557696,-15.025,150,14.94115483
1991,1101,11.86,11.44,-8.4,329,196,29,-3.489237727,-14.11287016,1.092501494,-18.075,99,9.9
1991,1104,11.56,11.06,-8.4,278,168,23,-7.844081008,-15.9851454,0.500682404,-18.6,78,7.8
1991,1021,12.9,12.12,-10.03333333,407,155,47,5.093695447,-17.26433878,3.470495868,-16.2,126,12.6
1991,1031,12.66,11.2,-6.666666667,176,182,28,-21.98417146,-15.47775162,1.016395096,-17.2,75,7.405287856
1991,1032,12.68,11.22,-6.666666667,173,181,28,-22.39349833,-15.75998757,0.987091561,-17.3,74,7.305287856
1991,1033,11.68,11,-9.833333333,199,169,14,-17.12327758,-15.94163616,-0.181096961,-19.825,60,6
1992,1067,11.46,10.28,-8.933333333,195,200,62,-14.85590736,-9.141053503,5.488874876,-13.475,118,11.75765823
1992,1079,12.24,10.48,-10.63333333,123,237,27,-22.06610584,-5.007953709,2.401216735,-13.575,75,7.364581217
1992,1101,11.44,9.78,-10.8,196,305,21,-14.11287016,2.928934581,1.723491915,-15.25,86,8.6
1992,1104,11.06,9.46,-10.8,168,232,16,-15.9851454,-3.518343145,1.215227853,-15.825,72,7.2
1992,1021,12.12,10.34,-12.06666667,155,254,24,-17.26433878,-2.649365336,2.204112554,-14.45,67,6.694445021
1992,1031,11.2,10.02,-9.166666667,182,191,51,-15.47775162,-9.282678366,4.424113164,-13.55,102,10.19291522
1992,1032,11.22,10.04,-9.2,181,189,51,-15.75998757,-9.616498741,4.424113164,-13.675,103,10.29291522
1992,1033,11,9.56,-12.06666667,169,228,11,-15.94163616,-4.496931236,0.760369454,-17.025,63,6.3
1993,1067,10.28,12.6,-5.666666667,200,164,23,-9.141053503,-22.21620571,-0.114271894,-14.925,106,10.52057624
1993,1079,10.48,12.62,-5.266666667,237,204,16,-5.007953709,-15.86718158,-1.452661198,-13.925,110,11
1993,1101,9.78,12.16,-6.6,305,233,21,2.928934581,-14.92570107,-0.511580191,-15.6,69,6.9
1993,1104,9.46,11.84,-6.766666667,232,198,20,-3.518343145,-17.05949998,-0.205202708,-16.15,52,5.2
1993,1021,10.34,12.34,-7.3,254,252,16,-2.649365336,-9.952226492,-0.538055587,-15.525,114,11.4
1993,1031,10.02,12.32,-5.866666667,191,157,20,-9.282678366,-22.02208027,-0.371749043,-15.025,92,9.161063069
1993,1032,10.04,12.34,-5.866666667,189,155,20,-9.616498741,-22.41434346,-0.371749043,-15.125,92,9.161063069
1993,1033,9.56,11.88,-8.433333333,228,169,16,-4.496931236,-19.46157838,0.053961765,-17.425,40,4
1994,1067,12.6,11.84,-7.8,164,154,20,-22.21620571,-22.36036996,-0.072197324,-12,141,13.18818108
1994,1079,12.62,12.32,-9.3,204,186,15,-15.86718158,-16.94654924,-0.022317703,-10.95,60,5.496417952
1994,1101,12.16,11.92,-9.733333333,233,161,30,-14.92570107,-23.10323987,1.003232606,-13.2,78,7.257551056
1994,1104,11.84,11.6,-9.733333333,198,149,22,-17.05949998,-21.86836765,0.13702497,-13.9,56,5.112018451
1994,1021,12.34,12.02,-11.06666667,252,226,18,-9.952226492,-11.36779161,0.702049496,-11.85,62,5.858805453
1994,1031,12.32,11.6,-8,157,143,17,-22.02208027,-22.217789,-0.326630586,-12.125,124,11.53724503
1994,1032,12.34,11.62,-8,155,143,17,-22.41434346,-22.39618018,-0.326630586,-12.225,124,11.53724503
1994,1033,11.88,11.72,-11.13333333,169,178,15,-19.46157838,-17.57145184,-0.51552893,-15.25,45,3.951500559
1995,1067,11.84,12.12,-7.733333333,154,179,40,-22.36036996,-18.30054862,1.226508953,-15.75,132,12.98285232
1995,1079,12.32,13.26,-8.4,186,235,17,-16.94654924,-13.07382364,-1.182994014,-15.625,78,7.8
1995,1101,11.92,12.7,-8.4,161,276,38,-23.10323987,-13.50078577,0.733545276,-17.225,110,11
1995,1104,11.6,12.4,-8.3,149,212,32,-21.86836765,-17.8895978,0.149536865,-17.725,68,6.8
1995,1021,12.02,12.96,-10.2,226,274,18,-11.36779161,-7.936105231,-0.246625384,-16.6,73,7.3
1995,1031,11.6,11.82,-7.933333333,143,168,32,-22.217789,-18.45515737,0.432077489,-15.825,119,11.72067863
1995,1032,11.62,11.88,-7.966666667,143,168,31,-22.39618018,-18.57976422,0.332077489,-15.95,120,11.82067863
1995,1033,11.72,12.44,-9.533333333,178,221,23,-17.57145184,-15.49075507,-0.366576576,-18.95,54,5.4
1996,1067,12.12,10.88,-7.433333333,179,95,85,-18.30054862,-24.71821032,7.146918115,-17.8,47,3.870950177
1996,1079,13.26,11.1,-8.133333333,235,216,41,-13.07382364,-9.334535694,2.720614582,-16.225,27,2.336367913
1996,1101,12.7,10.2,-8.933333333,276,193,27,-13.50078577,-14.66766774,1.325581268,-18.1,69,6.559499898
1996,1104,12.4,9.76,-9,212,144,17,-17.8895978,-17.40983292,0.361731075,-18.675,48,4.51263612
1996,1021,12.96,10.94,-10.2,274,241,39,-7.936105231,-7.44406562,2.91878349,-17.325,32,3.2
1996,1031,11.82,10.6,-7.7,168,94,72,-18.45515737,-23.61672768,5.918878745,-17.925,44,3.621723462
1996,1032,11.88,10.64,-7.733333333,168,93,73,-18.57976422,-23.88131456,6.018878745,-18.05,44,3.63844686
1996,1033,12.44,9.68,-10.56666667,221,134,17,-15.49075507,-17.07850762,0.599624258,-19.975,33,2.955558493
1997,1067,10.88,12.08,-6.9,95,189,16,-24.71821032,-18.77725195,0.13192785,-19.1,87,8.7
1997,1079,11.1,13.12,-6.8,216,146,11,-9.334535694,-21.71673546,-0.714670375,-18.6,64,6.4
1997,1101,10.2,12.12,-8.666666667,193,220,18,-14.66766774,-14.55748436,0.328017431,-21.075,120,12
1997,1104,9.76,11.68,-9.066666667,144,155,18,-17.40983292,-19.35415473,0.413735313,-21.8,85,8.5
1997,1021,10.94,12.98,-8.4,241,182,14,-7.44406562,-17.37368726,0.116628295,-19.375,51,5.1
1997,1031,10.6,11.84,-7.1,94,180,13,-23.61672768,-18.38645927,-0.143214635,-19.225,80,8
1997,1032,10.64,11.86,-7.1,93,177,14,-23.88131456,-18.87049185,-0.043214635,-19.375,80,8
1997,1033,9.68,11.58,-10.93333333,134,174,14,-17.07850762,-16.87773186,0.316136358,-23.3,68,6.8
1998,1067,12.08,11.08,-6.733333333,189,180,29,-18.77725195,-15.43195826,0.90855312,-15.275,88,8.8
1998,1079,13.12,11.6,-5.5,146,302,7,-21.71673546,1.081925889,-1.577616598,-14.65,45,4.5
1998,1101,12.12,11.26,-6.7,220,243,21,-14.55748436,-9.097689203,-0.047844723,-16.15,50,5
1998,1104,11.68,11.04,-6.733333333,155,172,20,-19.35415473,-15.41975071,-0.127495254,-16.6,31,3.1
1998,1021,12.98,11.44,-7.266666667,182,373,7,-17.37368726,8.896106644,-1.003864738,-14.675,47,4.7
1998,1031,11.84,10.82,-6.933333333,180,171,23,-18.38645927,-15.21302912,0.375687721,-15.4,79,7.9
1998,1032,11.86,10.84,-6.933333333,177,170,23,-18.87049185,-15.48988364,0.344749423,-15.525,79,7.9
1998,1033,11.58,11.18,-8.433333333,174,139,17,-16.87773186,-19.41047763,-0.216745054,-17.675,29,2.9
1999,1067,11.08,11.22,-10.46666667,180,195,17,-15.43195826,-14.48503163,0.385659744,-17.65,69,6.488603635
1999,1079,11.6,11.86,-12.03333333,302,236,13,1.081925889,-7.600587918,0.143278166,-14.8,37,3.438001482
1999,1101,11.26,11.2,-12.36666667,243,259,26,-9.097689203,-6.784176373,1.512498662,-17.25,47,4.7
1999,1104,11.04,10.92,-12.36666667,172,204,23,-15.41975071,-11.34881533,1.274455376,-17.875,33,3.3
1999,1021,11.44,11.92,-13.5,373,292,12,8.896106644,-1.948378392,0.433553543,-15.725,32,3.062903363
1999,1031,10.82,10.98,-10.7,171,182,15,-15.21302912,-14.59159287,0.215598922,-17.75,61,5.734941623
1999,1032,10.84,11.02,-10.7,170,182,15,-15.48988364,-14.74265627,0.215598922,-17.85,61,5.734941623
1999,1033,11.18,10.94,-13.66666667,139,215,12,-19.41047763,-10.03622644,0.333635442,-19.35,33,3.3
2000,1067,11.22,10.06,-4.9,195,226,15,-14.48503163,-6.839133947,0.012519904,-14.95,151,14.6483293
2000,1079,11.86,10.26,-5.933333333,236,227,6,-7.600587918,-2.813176755,-0.471028668,-16.925,95,9.5
2000,1101,11.2,9.82,-6.1,259,300,19,-6.784176373,2.268350811,0.821318895,-17.25,53,5.3
2000,1104,10.92,9.5,-6.066666667,204,303,16,-11.34881533,3.808372375,0.53805377,-17.575,43,4.3
2000,1021,11.92,10.22,-7.6,292,243,9,-1.948378392,-1.528299027,0.086164243,-17.525,80,8
2000,1031,10.98,9.78,-5.066666667,182,214,13,-14.59159287,-7.215504799,-0.147232896,-15.075,134,12.98881414
2000,1032,11.02,9.82,-5.066666667,182,213,13,-14.74265627,-7.429057567,-0.155061391,-15.175,133,12.90052924
2000,1033,10.94,9.58,-7.333333333,215,303,11,-10.03622644,3.707516964,0.183272993,-18.35,45,4.5
2001,1067,10.06,11.32,-6.633333333,226,140,35,-6.839133947,-20.00591962,1.997211332,-11.675,82,7.954114362
2001,1079,10.26,11.54,-6.966666667,227,196,23,-2.813176755,-9.775800499,1.040301138,-10.575,44,4.4
2001,1101,9.82,10.88,-8.533333333,300,208,22,2.268350811,-10.90837055,1.316478225,-12.85,42,4.2
2001,1104,9.5,10.56,-8.766666667,303,152,17,3.808372375,-15.2831196,0.980042883,-13.525,31,3.1
2001,1021,10.22,11.34,-8.666666667,243,230,27,-1.528299027,-6.525660173,1.774776636,-11.275,46,4.6
2001,1031,9.78,11.06,-6.833333333,214,131,28,-7.215504799,-20.09761116,1.329575198,-11.775,74,7.192146581
2001,1032,9.82,11.1,-6.866666667,213,131,29,-7.429057567,-20.23567526,1.403850887,-11.9,74,7.192146581
2001,1033,9.58,10.52,-10.5,303,148,13,3.707516964,-15.14972544,0.776700141,-14.925,31,3.1
2002,1067,11.32,11.4,-9.566666667,140,165,16,-20.00591962,-17.56568929,1.147513626,-14.725,46,4.343463916
2002,1079,11.54,11.7,-10.33333333,196,260,15,-9.775800499,-4.924470503,1.469004939,-13.75,34,3.4
2002,1101,10.88,10.96,-11.53333333,208,265,17,-10.90837055,-6.074471846,1.7,-15.75,47,4.7
2002,1104,10.56,10.54,-11.7,152,207,15,-15.2831196,-10.1924868,1.5,-16.325,35,3.5
2002,1021,11.34,11.64,-11.73333333,230,295,15,-6.525660173,-2.188354829,1.5,-15.05,39,3.9
2002,1031,11.06,11.14,-9.8,131,157,13,-20.09761116,-17.56364691,0.91106425,-14.8,39,3.683193175
2002,1032,11.1,11.18,-9.766666667,131,156,13,-20.23567526,-17.73345704,0.886722068,-14.95,39,3.683193175
2002,1033,10.52,10.52,-13.3,148,183,12,-15.14972544,-12.19175033,1.2,-17.7,32,3.2
2003,1067,11.4,11.26,-5.766666667,165,138,24,-17.56568929,-19.95849185,0.389634645,-10.625,63,5.226290793
2003,1079,11.7,11.1,-6.6,260,181,18,-4.924470503,-10.81922136,0.417080028,-8.775,41,3.371622077
2003,1101,10.96,10.48,-7.633333333,265,212,19,-6.074471846,-11.10415623,0.397555717,-10.95,55,4.922930818
2003,1104,10.54,10.1,-7.833333333,207,177,14,-10.1924868,-13.37192919,-0.096682502,-11.45,38,3.300435651
2003,1021,11.64,11.04,-8.233333333,295,232,19,-2.188354829,-5.68966349,0.825697702,-10,41,3.572287111
2003,1031,11.14,11,-5.966666667,157,132,21,-17.56364691,-19.66468292,0.140958726,-10.75,56,4.578723958
2003,1032,11.18,11.02,-6,156,130,21,-17.73345704,-20.08187222,0.130484183,-10.825,57,4.678723958
2003,1033,10.52,10.14,-9.4,183,164,12,-12.19175033,-15.00495522,-0.152872939,-12.95,35,2.962529582
2004,1067,11.26,12.6,-6.633333333,138,125,32,-19.95849185,-28.04700775,1.31619349,-14.725,94,8.07575404
2004,1079,11.1,13.12,-8.566666667,181,147,16,-10.81922136,-19.60021322,-0.068396329,-13.7,63,5.486305655
2004,1101,10.48,12.12,-8.866666667,212,154,20,-11.10415623,-22.41021995,0.318438245,-16.275,62,5.585813802
2004,1104,10.1,11.66,-8.866666667,177,129,16,-13.37192919,-23.36166115,-0.045430819,-17.05,47,4.163609802
2004,1021,11.04,12.96,-10.1,232,174,17,-5.68966349,-17.73816545,0.385260023,-14.775,54,4.751455
2004,1031,11,12.32,-6.9,132,118,27,-19.66468292,-27.71303889,0.861979918,-14.85,82,6.922448924
2004,1032,11.02,12.38,-6.9,130,119,27,-20.08187222,-27.71227163,0.861979918,-14.95,82,6.930551665
2004,1033,10.14,11.54,-10.3,164,106,14,-15.00495522,-25.84312888,-0.022906044,-18.55,40,3.428257074
2005,1067,12.6,12.6,-5.933333333,125,190,31,-28.04700775,-19.11610067,0.854615287,-13.275,100,9.223298231
2005,1079,13.12,12.94,-7.166666667,147,266,18,-19.60021322,-5.797744831,0.532180458,-12.675,84,7.903137246
2005,1101,12.12,12.18,-7.733333333,154,288,22,-22.41021995,-7.292447506,0.675076797,-15.1,69,6.650611623
2005,1104,11.66,11.82,-7.8,129,218,18,-23.36166115,-13.3488057,0.235917404,-15.85,53,5.148556303
2005,1021,12.96,12.86,-9.066666667,174,301,18,-17.73816545,-3.236892137,0.912987386,-13.525,84,8.021404056
2005,1031,12.32,12.34,-6.166666667,118,182,26,-27.71303889,-19.08586781,0.555372636,-13.4,87,7.965890233
2005,1032,12.38,12.38,-6.166666667,119,181,26,-27.71227163,-19.29474357,0.563324251,-13.5,88,8.081921565
2005,1033,11.54,11.78,-9.266666667,106,193,16,-25.84312888,-16.15366182,0.133968428,-17.325,43,4.173707398
2006,1067,12.6,11.54,-8.233333333,190,177,29,-19.11610067,-16.78898507,1.800782854,-15.1,69,6.289791173
2006,1079,12.94,11.92,-9.166666667,266,194,30,-5.797744831,-11.63358979,2.279276911,-15.8,39,3.587800084
2006,1101,12.18,11.38,-10.13333333,288,218,26,-7.292447506,-11.84439538,1.852400064,-16.7,53,5.099270455
2006,1104,11.82,11.06,-10.26666667,218,164,22,-13.3488057,-16.10569698,1.476864189,-17.025,38,3.642571465
2006,1021,12.86,11.78,-10.86666667,301,239,29,-3.236892137,-7.636922095,2.439882976,-16.8,39,3.677471036
2006,1031,12.34,11.28,-8.433333333,182,170,24,-19.08586781,-16.69041984,1.335406736,-15.275,59,5.32869341
2006,1032,12.38,11.3,-8.466666667,181,167,24,-19.29474357,-17.16457302,1.335406736,-15.375,60,5.442577039
2006,1033,11.78,11.06,-11.83333333,193,159,17,-16.15366182,-16.57242022,1.081381691,-17.975,33,3.128984528
2007,1067,11.54,12.02,-10.26666667,177,174,12,-16.78898507,-18.59089942,-0.604266392,-15,73,6.327877616
2007,1079,11.92,13.12,-11.76666667,194,299,11,-11.63358979,-4.457276177,-1.314777988,-14.175,42,3.431305377
2007,1101,11.38,12.2,-12.83333333,218,267,16,-11.84439538,-9.527324191,-0.346545915,-15.975,49,4.469747974
2007,1104,11.06,11.82,-12.96666667,164,197,14,-16.10569698,-15.28939658,-0.447482378,-16.525,37,3.374924175
2007,1021,11.78,12.96,-13.36666667,239,347,10,-7.636922095,-0.233593563,-0.979063843,-15.1,47,4.090833979
2007,1031,11.28,11.76,-10.53333333,170,165,10,-16.69041984,-18.54195196,-0.768701244,-15.125,64,5.476043627
2007,1032,11.3,11.82,-10.53333333,167,165,10,-17.16457302,-18.70946007,-0.797843595,-15.2,63,5.381531991
2007,1033,11.06,11.7,-14.53333333,159,162,10,-16.57242022,-18.36993686,-0.52309417,-17.825,32,2.907835338
2008,1067,12.02,11,-7.966666667,174,208,30,-18.59089942,-10.19969371,1.978618288,-14.175,67,6.394459706
2008,1079,13.12,11.76,-8.933333333,299,321,35,-4.457276177,2.635566646,2.727290926,-13.15,46,4.6
2008,1101,12.2,10.9,-9.9,267,321,30,-9.527324191,1.363028784,2.148443682,-15.425,51,5.1
2008,1104,11.82,10.5,-10.06666667,197,218,30,-15.28939658,-7.487396838,2.147527537,-15.975,37,3.7
2008,1021,12.96,11.54,-10.76666667,347,359,34,-0.233593563,6.408886567,2.890485174,-14.025,49,4.9
2008,1031,11.76,10.74,-8.166666667,165,197,26,-18.54195196,-10.52524721,1.632773385,-14.3,57,5.441201339
2008,1032,11.82,10.8,-8.166666667,165,196,26,-18.70946007,-10.7575482,1.613025334,-14.4,58,5.546934657
2008,1033,11.7,10.46,-11.6,162,208,20,-18.36993686,-8.088762138,1.24198932,-17.45,31,3.1
2009,1067,11,11.82,-9.233333333,208,128,30,-10.19969371,-24.23937586,1.8627443,-16.3,79,7.89339096
2009,1079,11.76,12.84,-9.866666667,321,163,39,2.635566646,-18.06945652,2.860674183,-16.575,52,5.2
2009,1101,10.9,11.88,-11.13333333,321,184,26,1.363028784,-18.25879773,1.642881417,-18.025,58,5.8
2009,1104,10.5,11.42,-11.26666667,218,153,21,-7.487396838,-19.80807342,1.162091621,-18.525,43,4.3
2009,1021,11.54,12.6,-11.53333333,359,184,41,6.408886567,-16.59858235,3.34985764,-17.575,55,5.5
2009,1031,10.74,11.58,-9.433333333,197,123,25,-10.52524721,-23.80696403,1.413352734,-16.425,68,6.8
2009,1032,10.8,11.6,-9.433333333,196,122,24,-10.7575482,-24.07284279,1.291979442,-16.55,68,6.8
2009,1033,10.46,11.3,-12.93333333,208,136,14,-8.088762138,-21.23379044,0.613718117,-19.625,39,3.9
2010,1067,11.82,11.42,-5.833333333,128,169,22,-24.23937586,-16.65240164,0.164225533,-14.3,58,4.859954461
2010,1079,12.84,12.82,-6.6,163,235,14,-18.06945652,-10.19755441,-1.36158767,-14.3,33,2.642231402
2010,1101,11.88,11.34,-7.1,184,251,26,-18.25879773,-9.869082641,0.199242191,-15.65,50,4.582004962
2010,1104,11.42,11,-7.166666667,153,206,20,-19.80807342,-12.51604024,-0.297084258,-16.1,36,3.272739159
2010,1021,12.6,12.52,-8.466666667,184,255,14,-16.59858235,-8.534662223,-0.724379535,-15.15,34,2.850094606
2010,1031,11.58,11.16,-6.033333333,123,162,19,-23.80696403,-16.53000131,-0.130363256,-14.4,52,4.31070557
2010,1032,11.6,11.18,-6.066666667,122,161,19,-24.07284279,-16.76247119,-0.130363256,-14.55,52,4.31070557
2010,1033,11.3,11,-8.6,136,187,13,-21.23379044,-13.29070186,-0.663782538,-17.25,33,2.976492985
2011,1067,11.42,11.46,-9.766666667,169,153,71,-16.65240164,-17.01105295,5.573157622,-14.175,101,9.521172356
2011,1079,12.82,12.5,-10.4,235,193,37,-10.19755441,-12.74143323,2.635238809,-13.75,65,6.119658505
2011,1101,11.34,11.04,-11.93333333,251,218,29,-9.869082641,-11.63523369,1.802484328,-15.55,82,8.027208301
2011,1104,11,10.7,-12.03333333,206,170,27,-12.51604024,-14.70677303,1.622963729,-16.225,63,6.192763228
2011,1021,12.52,12.16,-11.83333333,255,249,32,-8.534662223,-7.787823004,2.474760298,-14.825,63,5.976794514
2011,1031,11.16,11.18,-10.03333333,162,147,60,-16.53000131,-16.88518142,4.511770959,-14.3,85,7.96722029
2011,1032,11.18,11.22,-10.03333333,161,145,60,-16.76247119,-17.15387693,4.511770959,-14.45,85,7.96722029
2011,1033,11,10.9,-13.53333333,187,172,25,-13.29070186,-13.66750238,1.576141698,-17.625,51,4.998441204
2012,1067,11.46,10.5,-6.133333333,153,147,32,-17.01105295,-15.7364482,0.943031274,-14.95,130,12.21112006
2012,1079,12.5,11.62,-7.7,193,188,28,-12.74143323,-10.93786782,0.661059873,-16.3,66,6.109030748
2012,1101,11.04,10.7,-7.9,218,204,24,-11.63523369,-11.66582522,0.268299319,-18.225,79,7.623517956
2012,1104,10.7,10.4,-7.9,170,171,22,-14.70677303,-13.73671756,0.131813176,-18.475,76,7.401074481
2012,1021,12.16,11.34,-9.533333333,249,238,24,-7.787823004,-5.926877682,0.70591954,-17.375,63,5.954188534
2012,1031,11.18,10.24,-6.333333333,147,140,26,-16.88518142,-15.63220658,0.384948533,-15.075,109,10.1618838
2012,1032,11.22,10.28,-6.366666667,145,139,26,-17.15387693,-15.91763318,0.384948533,-15.15,110,10.2618838
2012,1033,10.9,10.42,-9.166666667,172,174,15,-13.66750238,-12.59575184,-0.293279875,-18.925,63,6.048078393
2013,1067,10.5,12.42,-9,147,153,47,-15.7364482,-22.35903461,4.7,-17.15,109,10.9
2013,1079,11.62,12.22,-11.96666667,188,175,31,-10.93786782,-14.63859287,3.1,-12.8,107,10.68799804
2013,1101,10.7,11.26,-12.33333333,204,195,30,-11.66582522,-15.57473477,3,-18.975,75,7.5
2013,1104,10.4,11.06,-12.3,171,200,33,-13.73671756,-14.03682942,3.3,-19.825,64,6.4
2013,1021,11.34,11.92,-13.1,238,195,28,-5.926877682,-13.77934771,2.8,-14.125,86,8.6
2013,1031,10.24,12.16,-9.233333333,140,148,40,-15.63220658,-21.96647525,4,-17.275,93,9.3
2013,1032,10.28,12.2,-9.266666667,139,146,39,-15.91763318,-22.36596249,3.9,-17.375,94,9.4
2013,1033,10.42,11.42,-13.26666667,174,173,24,-12.59575184,-16.95090959,2.4,-21.425,55,5.5