year,TM8.61,TM11.61,TM12.61,TM10.61,TM9.61,TM3.61,TM1.61,TM2.61,TM5.61,TM6.61,TM7.61,TM12.91,TM1.91,TM6.91,TM3.91,TM4.91,TM7.91,TM8.91,TM9.91,TM10.91,TM2.91,TM4.94,TM5.94,TM11.94,TM9.94,TM6.94,TM10.94,TM1.94,TM7.94,TM8.94,TM2.94,TM5.97,TM2.97,TM1.97,TM7.97,TM11.97,TM10.97,TM9.97,TM6.97,TM8.97,TM4.97,TM12.97,TM10.19,TM1.19,TM4.19,TM5.19,TM3.19,TM7.19,TM6.19,TM8.19,TM12.19,TM9.19,TM11.19,TM7.23,TM5.23,TM6.23,TM2.23,TM3.23,TM1.23,TM10.23,TM8.23,TM4.23,TM12.23,TM11.23,TM9.23,TM7.29,TM6.29,TM5.29,TM4.29,TM3.29,TM2.29,TM1.29,TM12.29,TM11.29,TM10.29,TM8.29,TM8.30,TM3.30,TM2.30,TM1.30,TM5.30,TM4.30,TM6.30,TM7.30,TM9.30,TM10.30,TM11.30,TM12.30,TM9.29
1901,NA,NA,NA,NA,NA,NA,NA,NA,NA,NA,NA,NA,NA,NA,NA,NA,NA,NA,NA,NA,NA,NA,NA,NA,NA,NA,NA,NA,NA,NA,NA,NA,NA,NA,NA,NA,NA,NA,NA,NA,NA,NA,NA,NA,NA,NA,NA,NA,NA,NA,NA,NA,NA,NA,NA,NA,NA,NA,NA,NA,NA,NA,NA,NA,NA,NA,NA,NA,NA,NA,NA,NA,NA,NA,NA,NA,NA,NA,NA,0.6455,NA,NA,NA,NA,NA,NA,NA,NA,NA
1902,NA,NA,NA,NA,NA,NA,NA,NA,NA,NA,NA,NA,NA,NA,NA,NA,NA,NA,NA,NA,NA,NA,NA,NA,NA,NA,NA,NA,NA,NA,NA,NA,NA,NA,NA,NA,NA,NA,NA,NA,NA,NA,NA,NA,NA,NA,NA,NA,NA,NA,NA,NA,NA,NA,NA,NA,NA,NA,NA,NA,NA,NA,NA,NA,NA,NA,NA,NA,NA,NA,NA,NA,NA,NA,NA,NA,NA,NA,NA,0.6855,NA,NA,NA,NA,NA,NA,NA,NA,NA
1903,NA,NA,NA,NA,NA,NA,NA,NA,NA,NA,NA,NA,NA,NA,NA,NA,NA,NA,NA,NA,NA,NA,NA,NA,NA,NA,NA,NA,NA,NA,NA,NA,NA,NA,NA,NA,NA,NA,NA,NA,NA,NA,NA,NA,NA,NA,NA,NA,NA,NA,NA,NA,NA,NA,NA,NA,NA,NA,NA,NA,NA,NA,NA,NA,NA,NA,NA,NA,NA,NA,NA,NA,NA,NA,NA,NA,NA,NA,NA,0.6875,NA,NA,NA,NA,NA,NA,NA,NA,NA
1904,NA,NA,NA,NA,NA,NA,NA,NA,NA,NA,NA,NA,NA,NA,NA,NA,NA,NA,NA,NA,NA,NA,NA,NA,NA,NA,NA,NA,NA,NA,NA,NA,NA,NA,NA,NA,NA,NA,NA,NA,NA,NA,NA,NA,NA,NA,NA,NA,NA,NA,NA,NA,NA,NA,NA,NA,NA,NA,NA,NA,NA,NA,NA,NA,NA,NA,NA,NA,NA,NA,NA,NA,NA,NA,NA,NA,NA,NA,NA,0.5235,NA,NA,NA,NA,NA,NA,NA,NA,NA
1905,NA,NA,NA,NA,NA,NA,NA,NA,NA,NA,NA,NA,NA,NA,NA,NA,NA,NA,NA,NA,NA,NA,NA,NA,NA,NA,NA,NA,NA,NA,NA,NA,NA,NA,NA,NA,NA,NA,NA,NA,NA,NA,NA,NA,NA,NA,NA,NA,NA,NA,NA,NA,NA,NA,NA,NA,NA,NA,NA,NA,NA,NA,NA,NA,NA,NA,NA,NA,NA,NA,NA,NA,NA,NA,NA,NA,NA,NA,NA,0.675,NA,NA,NA,NA,NA,NA,NA,NA,NA
1906,NA,NA,NA,NA,NA,NA,NA,NA,NA,NA,NA,NA,NA,NA,NA,NA,NA,NA,NA,NA,NA,NA,NA,NA,NA,NA,NA,NA,NA,NA,NA,NA,NA,NA,NA,NA,NA,NA,NA,NA,NA,NA,NA,NA,NA,NA,NA,NA,NA,NA,NA,NA,NA,NA,NA,NA,NA,NA,NA,NA,NA,NA,NA,NA,NA,NA,NA,NA,NA,NA,NA,NA,NA,NA,NA,NA,0.787,0.496,NA,0.858,NA,NA,0.8525,NA,NA,NA,NA,NA,NA
1907,NA,NA,NA,NA,NA,NA,NA,NA,NA,NA,NA,NA,NA,NA,NA,NA,NA,NA,NA,NA,NA,NA,NA,NA,NA,NA,NA,NA,NA,NA,NA,NA,NA,NA,0.724,NA,NA,NA,NA,NA,NA,NA,NA,NA,NA,NA,NA,NA,NA,NA,NA,NA,NA,NA,NA,NA,NA,NA,NA,NA,NA,NA,NA,NA,NA,NA,NA,NA,NA,NA,NA,NA,NA,NA,NA,NA,1.9545,1.131,NA,1.3595,NA,NA,0.9525,NA,NA,NA,0.722,0.7915,NA
1908,NA,NA,NA,NA,NA,NA,NA,NA,NA,NA,NA,NA,NA,NA,NA,NA,NA,NA,NA,NA,NA,NA,NA,NA,NA,NA,NA,NA,NA,NA,NA,NA,NA,NA,1.8485,NA,NA,NA,NA,NA,NA,NA,NA,NA,NA,NA,NA,NA,NA,NA,NA,NA,NA,NA,NA,NA,NA,NA,NA,NA,NA,NA,NA,NA,NA,1.4865,NA,NA,NA,NA,NA,NA,NA,NA,NA,NA,1.961,2.1385,NA,1.591,NA,NA,1.4905,NA,NA,1.526,0.9095,2.207,NA
1909,NA,NA,NA,NA,NA,NA,NA,NA,NA,NA,NA,NA,NA,NA,NA,NA,NA,NA,NA,NA,NA,NA,NA,NA,NA,NA,NA,NA,NA,NA,NA,0.5645,NA,NA,1.39,NA,NA,0.803,NA,NA,0.4515,0.391,NA,NA,NA,NA,NA,NA,NA,NA,NA,NA,NA,NA,NA,NA,NA,NA,NA,NA,NA,NA,NA,NA,NA,2.2525,NA,1.494,NA,NA,NA,0.709,2.2815,NA,NA,NA,1.402,1.2455,2.0965,1.432,NA,NA,1.297,NA,1.5715,1.596,0.8355,1.943,NA
1910,NA,NA,NA,NA,NA,NA,NA,NA,NA,NA,NA,NA,NA,NA,NA,NA,NA,NA,NA,NA,NA,NA,NA,NA,NA,NA,NA,NA,NA,NA,NA,0.846,NA,NA,1.453,NA,NA,0.948,NA,0.7765,0.826,0.691,NA,NA,NA,NA,NA,NA,NA,NA,NA,NA,NA,NA,NA,NA,NA,NA,NA,NA,NA,NA,NA,NA,NA,2.436,NA,1.129,NA,NA,1.266,1.51,1.2755,NA,NA,NA,0.9955,1.181,1.8965,1.4175,NA,1.629,1.313,NA,1.123,1.554,1.1785,1.6465,0.96
1911,NA,NA,NA,NA,NA,NA,NA,NA,NA,NA,NA,NA,NA,NA,NA,NA,NA,NA,NA,NA,NA,NA,NA,1.702,NA,NA,0.984,NA,NA,NA,NA,1.199,0.582,NA,1.2655,NA,NA,1.894,NA,0.9405,0.61,1.0125,NA,NA,NA,NA,NA,NA,NA,NA,NA,NA,NA,NA,NA,NA,NA,NA,NA,NA,NA,NA,NA,NA,NA,1.046,1.993,0.4965,NA,NA,0.951,0.576,1.0175,NA,0.851,1.829,0.516,0.674,1.3555,1.1955,NA,1.516,1.2805,NA,1.4835,1.417,1.578,1.337,0.8785
1912,NA,NA,NA,NA,NA,NA,NA,NA,NA,NA,NA,NA,NA,NA,NA,NA,NA,NA,NA,NA,NA,NA,NA,1.5045,NA,NA,1,NA,NA,NA,NA,0.4375,1.2325,NA,0.4785,0.421,NA,1.433,NA,0.778,0.688,0.775,NA,NA,NA,NA,NA,NA,NA,NA,NA,NA,NA,NA,NA,NA,NA,NA,NA,NA,NA,NA,NA,NA,NA,1.9505,1.562,0.7275,NA,2.42,2.312,0.635,1.3945,NA,0.953,1.8935,0.9925,0.56,2.4755,1.0235,NA,0.742,0.758,NA,0.9025,0.88,1.204,0.8915,0.5845
1913,NA,NA,NA,NA,NA,NA,NA,NA,NA,NA,NA,NA,NA,NA,1.933,NA,2.125,NA,NA,NA,NA,NA,NA,2.2015,NA,NA,1.679,NA,NA,NA,NA,0.232,2.158,NA,0.745,1.281,NA,0.4895,NA,0.602,1.147,0.6225,NA,NA,NA,NA,NA,NA,NA,NA,NA,NA,NA,NA,NA,NA,NA,NA,NA,NA,NA,NA,NA,NA,NA,2.107,1.542,0.8225,NA,2.43,2.399,0.464,1.0475,1.677,2.773,1.8625,1.032,0.486,1.5805,0.8805,NA,0.885,0.7325,NA,0.3525,0.894,1.0555,0.7765,0.1605
1914,NA,NA,NA,NA,NA,NA,NA,NA,NA,NA,NA,NA,NA,NA,2.2465,NA,2.408,NA,NA,NA,NA,NA,NA,1.567,NA,NA,1.601,NA,NA,NA,NA,0.4345,1.564,NA,0.929,1.279,NA,0.888,NA,0.973,1.335,0.7405,NA,NA,NA,NA,NA,NA,NA,NA,NA,NA,NA,NA,NA,NA,NA,NA,NA,NA,NA,NA,NA,NA,NA,3.08,1.881,0.649,NA,3.038,2.768,0.993,3.4485,1.127,7.526,1.3605,1.192,0.73,1.39,1.5065,NA,1.409,1.0495,NA,0.579,1.7165,1.496,1.195,0.9985
1915,NA,NA,NA,NA,NA,NA,NA,NA,NA,NA,NA,NA,NA,NA,3.1145,NA,2.1775,NA,NA,NA,NA,NA,NA,1.35,NA,NA,1.512,NA,NA,NA,NA,1.3185,1.7955,NA,1.074,1.558,NA,1.2815,NA,1.2005,2.1015,1.427,NA,NA,NA,NA,NA,NA,NA,NA,NA,NA,NA,NA,NA,NA,NA,NA,NA,NA,NA,NA,NA,NA,NA,3.152,2.452,1.0835,4.0085,3.021,3.367,1.762,3.189,1.9905,2.106,2.994,0.732,0.972,2.0105,1.8415,NA,1.293,1.284,NA,0.8525,1.925,1.852,1.404,1.237
1916,NA,NA,NA,NA,NA,NA,NA,NA,NA,NA,NA,NA,NA,NA,1.19,NA,0.431,NA,NA,NA,NA,NA,NA,0.4875,NA,NA,0.85,NA,NA,NA,NA,1.599,1.8425,NA,1.3025,1.1045,NA,1.293,0.863,1.0275,2.004,1.562,NA,NA,NA,NA,NA,NA,NA,NA,NA,NA,NA,NA,NA,NA,NA,NA,NA,NA,NA,NA,NA,NA,NA,3.345,2.501,1.39,2.0045,2.786,3.298,1.393,2.999,1.6535,2.071,2.562,0.3685,0.762,2.0325,1.3205,NA,1.1675,1.232,NA,1.0075,1.647,1.3875,0.9415,1.816
1917,NA,NA,NA,NA,NA,NA,NA,NA,NA,NA,NA,NA,NA,NA,2.4245,NA,0.817,NA,NA,NA,NA,NA,NA,1.4325,NA,NA,1.598,NA,NA,NA,NA,1.472,1.531,NA,1.37,1.3415,NA,1.1945,1.092,1.079,1.711,1.249,NA,NA,NA,NA,NA,NA,NA,NA,NA,NA,NA,NA,NA,NA,NA,NA,NA,NA,NA,NA,NA,NA,NA,3.1245,2.053,1.3065,2.4265,3.222,3.512,1.224,3.188,1.892,1.667,2.223,0.047,0.994,1.3315,1.5325,NA,1.4215,1.182,NA,0.8195,1.4365,1.009,1.2585,2.3015
1918,NA,NA,NA,NA,NA,NA,NA,NA,NA,NA,NA,NA,NA,NA,2.2175,NA,0.695,NA,NA,NA,NA,1.716,NA,1.038,NA,NA,1.639,NA,NA,NA,NA,1.2275,1.098,NA,0.881,1.147,NA,0.8185,0.773,0.6195,1.157,0.8595,NA,NA,NA,NA,NA,NA,NA,NA,NA,NA,NA,NA,NA,NA,NA,NA,NA,NA,NA,NA,NA,NA,NA,2.19,1.968,0.7975,1.3305,2.2425,2.271,0.803,1.785,0.5955,1.718,1.9,0.0635,0.4885,1.0195,0.8935,NA,0.746,0.3005,NA,0.7535,1.078,0.7525,0.6575,1.708
1919,NA,NA,NA,NA,NA,NA,NA,NA,NA,NA,NA,NA,NA,0.609,2.757,NA,0.941,NA,NA,NA,NA,1.748,NA,1.272,NA,NA,2.207,NA,NA,NA,NA,1.576,1.3535,NA,1.07,1.508,0.966,0.5745,0.507,0.632,1.8365,1.3015,NA,NA,NA,NA,NA,NA,NA,NA,NA,NA,NA,NA,NA,NA,NA,NA,NA,NA,NA,NA,NA,NA,NA,2.393,2.519,1.516,0.965,2.134,2.39,1.063,2.4575,0.8515,1.975,2.0855,0.251,0.2125,0.6485,0.8435,NA,0.734,0.2065,NA,0.2845,0.387,0.596,0.4155,1.9585
1920,NA,NA,NA,NA,NA,NA,NA,NA,NA,NA,NA,NA,NA,0.986,1.9485,NA,0.8785,NA,NA,NA,NA,1.547,NA,0.948,NA,NA,1.631,NA,NA,NA,NA,1.162,0.9095,NA,0.987,1.0395,0.764,0.7355,0.681,0.63,1.45,1.0935,NA,NA,NA,NA,NA,NA,NA,NA,NA,NA,NA,NA,NA,NA,NA,NA,NA,NA,NA,NA,NA,NA,NA,2.354,2.27,1.375,1.473,2.3395,3.359,1.197,2.4595,1.178,2.172,2.298,0.2165,0.5615,0.649,0.9815,NA,0.789,0.5405,NA,0.6145,1.326,1.0105,0.485,2.0735
1921,NA,NA,NA,NA,NA,NA,NA,NA,NA,NA,NA,NA,NA,1.0345,1.123,NA,0.451,NA,NA,NA,NA,0.9655,NA,0.5555,NA,NA,1.538,NA,NA,NA,NA,1.3515,1.215,NA,0.898,1.4805,0.422,0.3585,0.754,0.0635,1.292,1.0905,NA,NA,NA,NA,NA,NA,NA,NA,NA,NA,NA,NA,NA,NA,NA,NA,NA,NA,NA,NA,NA,NA,NA,1.788,2.077,1.369,1.704,2.8165,2.574,1.315,2.039,1.337,2.134,2.336,0.2035,0.466,0.991,0.566,NA,0.6025,0.521,NA,0.3925,0.963,0.5655,0.592,2.403
1922,NA,NA,NA,NA,NA,NA,NA,NA,NA,NA,NA,NA,NA,1.774,1.462,NA,1.075,NA,NA,NA,NA,1.219,NA,1.198,NA,NA,2.688,NA,NA,NA,NA,1.006,0.86,NA,0.6895,0.9875,0.803,0.7715,0.674,0.333,1.4135,1.1155,NA,NA,NA,NA,NA,NA,NA,NA,NA,NA,NA,NA,NA,NA,NA,NA,NA,NA,NA,NA,NA,NA,NA,1.281,1.622,1.138,1.5305,2.065,1.945,0.782,1.3595,0.6755,1.763,2.0895,0.2005,0.3895,0.834,0.9515,NA,0.7035,0.441,NA,0.272,0.6565,0.803,0.3505,1.5425
1923,NA,NA,NA,NA,NA,NA,NA,NA,NA,NA,NA,NA,NA,0.81,1.021,NA,0.751,NA,NA,NA,NA,1.385,NA,0.845,1.741,NA,1.957,NA,NA,NA,NA,1.196,0.774,NA,0.5545,1.018,0.358,0.3075,0.542,0.2905,1.452,1.0155,NA,NA,NA,NA,NA,NA,NA,NA,NA,NA,NA,NA,NA,NA,NA,NA,NA,NA,NA,NA,NA,NA,NA,0.513,0.495,1.001,1.1365,1.256,1.241,1.046,0.6395,0.6085,0.578,0.79,0.052,0.2735,0.6865,0.582,NA,0.4875,0.524,NA,0.315,0.5325,0.985,0.38,0.999
1924,NA,NA,NA,NA,NA,NA,NA,NA,NA,NA,NA,NA,NA,0.3935,0.4835,NA,0.415,NA,NA,NA,NA,0.1535,NA,0.22,0.6825,NA,1.137,NA,NA,NA,NA,0.6065,0.4575,NA,0.3745,0.4675,0.382,0.4005,0.397,0.345,0.678,0.436,NA,NA,NA,NA,NA,NA,NA,NA,NA,NA,NA,NA,NA,NA,NA,NA,NA,NA,NA,NA,NA,NA,NA,0.157,0.774,1.3515,1.923,2.593,1.704,1.632,1.1895,0.95,1.01,1.2945,0.363,0.231,0.8575,0.449,NA,0.34,0.3075,NA,0.179,0.688,0.627,0.336,1.5135
1925,NA,NA,NA,NA,NA,NA,NA,NA,NA,NA,NA,NA,NA,0.516,0.43,NA,0.534,NA,NA,NA,NA,0.0315,NA,0.305,0.268,NA,1.207,NA,NA,NA,NA,0.4555,0.618,NA,0.303,0.553,0.593,0.3365,0.368,0.252,0.4045,0.5095,NA,NA,NA,NA,NA,NA,NA,NA,NA,NA,NA,NA,NA,NA,NA,NA,NA,NA,NA,NA,NA,NA,NA,0.4975,1.769,2.0235,3.502,3.485,2.382,2.112,2.2575,2.2055,2.635,2.3525,0.561,0.209,0.314,0.131,NA,0.115,0.2985,NA,0.095,0.4735,0.55,0.2985,3.3455
1926,NA,NA,NA,NA,NA,NA,NA,NA,NA,NA,NA,NA,NA,0.5635,1.2465,NA,1.0865,NA,NA,NA,NA,0.8015,NA,0.714,1.051,NA,2.257,NA,NA,NA,NA,1.0015,0.6105,NA,0.3635,0.789,0.904,0.5375,0.494,0.262,0.779,0.9215,NA,NA,NA,NA,NA,NA,NA,NA,NA,NA,NA,NA,NA,NA,NA,NA,NA,NA,NA,NA,NA,NA,NA,0.707,1.146,1.5095,1.986,2.023,1.641,0.771,1.4485,1.3195,2.162,1.864,0.285,0.2945,0.267,0.3295,NA,0.359,0.2565,NA,0.3415,0.3985,1.103,0.342,1.936
1927,NA,NA,NA,NA,NA,NA,NA,NA,NA,NA,NA,NA,NA,0.6255,1.1425,NA,0.9415,NA,NA,NA,NA,0.6655,NA,0.575,0.784,NA,1.327,NA,NA,NA,NA,0.8685,0.7275,NA,0.5055,0.8285,0.7625,0.488,0.475,0.263,0.887,0.753,NA,NA,NA,NA,NA,NA,NA,NA,NA,NA,NA,NA,NA,NA,NA,NA,NA,NA,NA,NA,NA,NA,NA,0.5045,0.973,1.3825,1.144,1.3525,0.96,0.375,1.0915,0.836,1.076,1.4605,0.464,0.2735,0.486,0.477,NA,0.365,0.359,NA,0.298,0.234,1.1285,0.3365,0.751
1928,NA,NA,NA,NA,NA,NA,NA,NA,NA,NA,NA,NA,NA,0.81,0.2735,NA,0.2385,NA,NA,NA,NA,0.0165,NA,0.308,0.1715,3.2325,1.279,NA,0.794,NA,NA,0.338,0.4375,NA,0.429,0.3285,0.5275,0.3995,0.393,0.13,0.7985,0.4305,0.44,NA,NA,NA,NA,NA,NA,NA,NA,NA,NA,NA,NA,NA,NA,NA,NA,NA,NA,NA,NA,NA,NA,0.7585,1.418,1.3005,1.865,2.3315,1.599,1.005,0.939,1.2025,1.367,1.79,0.609,0.17,0.548,0.2855,NA,0.162,0.119,NA,0.352,0.6355,0.379,0.3645,1.43
1929,NA,NA,NA,NA,NA,NA,NA,NA,NA,NA,NA,NA,NA,1.0905,1.2515,NA,0.7115,NA,NA,NA,NA,0.3165,NA,0.7335,0.7245,2.5745,1.441,0.737,0.496,NA,NA,0.46,0.572,NA,0.657,0.6165,0.4775,0.6625,0.707,0.204,0.7035,0.706,1.147,NA,0.638,NA,NA,NA,NA,NA,NA,NA,1.302,NA,NA,NA,NA,NA,NA,NA,NA,NA,NA,NA,NA,1.789,2.679,2.274,2.5345,2.5715,1.777,1.192,1.451,1.321,1.779,2.754,0.3995,0.2425,0.6685,0.2585,NA,0.341,0.219,NA,0.276,0.7705,0.2625,0.3565,2.098
1930,NA,NA,NA,NA,NA,NA,NA,NA,NA,NA,NA,2.9605,NA,1.1725,1.9435,1.9185,0.9015,1.0785,1.9835,NA,NA,0.7825,0.9945,1.552,1.0895,2.123,2.047,1.512,2.381,NA,NA,0.867,0.7645,0.409,0.607,0.805,0.7705,0.826,0.825,0.2335,0.611,0.9465,2.05,NA,0.843,NA,0.5905,NA,NA,NA,NA,NA,1.869,NA,NA,1.9525,NA,NA,NA,NA,NA,NA,NA,NA,0.6505,1.273,1.663,1.613,1.5505,2.4915,1.196,0.844,1.0815,1.177,1.724,1.8765,0.4605,0.3465,0.906,0.3225,NA,0.256,0.337,NA,0.455,0.7325,0.695,0.4055,1.6315
1931,NA,NA,NA,NA,NA,NA,NA,NA,NA,NA,NA,2.8835,1.4025,0.796,1.591,3.305,0.68,2.114,2.0205,1.4765,NA,0.7975,1.696,1.4345,0.977,1.689,1.712,2.512,2.112,NA,NA,0.602,0.605,0.525,0.375,0.428,0.3405,0.82,0.656,0.239,0.413,0.7675,1.482,NA,1.8945,0.486,0.8205,NA,0.6005,NA,1.446,NA,1.875,NA,NA,2.1705,NA,NA,1.1375,NA,NA,0.67,0.7165,0.445,1.1325,1.9025,1.944,1.9935,2.1025,2.812,1.539,0.836,1.4655,1.4525,1.884,1.7135,0.946,0.2635,0.7205,0.2975,NA,0.232,0.391,1.0055,0.294,0.5955,0.6215,0.331,2.544
1932,NA,NA,NA,NA,NA,NA,NA,NA,NA,NA,NA,2.7765,2.0585,1.36,1.7105,2.3245,0.746,2.4415,1.65,1.161,NA,0.798,1.7505,1.3615,1.1445,1.6465,1.965,3.054,1.935,0.7325,NA,1.247,0.9625,0.711,0.4125,0.7815,1.181,1.6565,1.3155,0.4105,0.794,1.0025,1.592,0.63,1.5815,1.0295,1.091,NA,0.471,NA,1.051,NA,1.959,NA,0.555,2.185,NA,NA,1.929,NA,0.759,0.737,0.925,0.93,2.044,1.5365,1.703,1.5315,2.166,2.2145,1.629,1.231,1.4085,1.412,1.67,1.6275,0.8615,0.414,1.13,0.3625,NA,0.48,0.4375,1.511,0.364,0.2305,0.8545,0.4345,2.167
1933,NA,NA,NA,NA,NA,NA,NA,NA,NA,NA,NA,1.8455,1.365,2.2185,2.604,1.873,0.9085,1.5055,1.442,1.1855,NA,1.383,1.867,1.1525,2.403,1.929,2.712,2.474,1.415,1.887,0.8995,1.021,0.655,0.71,0.4235,0.707,0.9535,1.043,1.1775,0.199,0.599,0.707,1.321,0.566,1.2775,1.519,0.911,NA,2.029,NA,1.0565,NA,1.599,1.743,0.9985,1.3265,NA,NA,0.8955,NA,1.224,1.4145,1.0505,1.28,1.2825,1.1605,1,1.5725,2.0205,1.6885,1.369,1.15,0.7705,1.0935,1.113,1.187,1.0765,0.3755,0.7255,0.6295,NA,0.6635,0.3465,1.6905,0.5525,0.958,0.862,0.436,1.525
1934,NA,NA,NA,NA,NA,NA,NA,NA,NA,NA,NA,2.5315,1.6225,0.54,0.108,0.3935,0.1585,0.326,0.623,1.0975,NA,1.221,1.427,0.537,1.805,0.5135,1.655,1.271,0.658,1.4925,1.1455,0.545,0.7205,0.768,0.5975,0.758,0.824,0.9485,1.1165,0.232,0.7135,0.8195,0.665,0.963,1.076,0.977,0.6675,NA,0.644,NA,0.6705,NA,1.002,1.653,1.293,0.8775,NA,NA,0.627,NA,0.974,1.121,1.059,1.155,1.3325,1.6575,1.376,1.4435,1.927,1.726,1.517,0.833,0.9235,0.9365,1.4,1.811,1.3165,0.1755,0.657,0.413,NA,0.475,0.271,1.06,0.3515,1.1065,0.6785,0.2835,1.8145
1935,NA,NA,NA,NA,NA,NA,NA,NA,NA,NA,NA,2.855,1.727,1.849,1.381,1.809,0.8165,1.3905,1.4615,1.2735,NA,1.048,1.3845,0.61,1.5635,1.193,2.043,1.688,1.206,1.3175,1.0465,1.1155,0.9585,1.039,0.8735,1.2115,0.884,1.121,1.521,0.537,1.344,1.175,0.361,1.237,1.022,1.037,0.616,0.7205,0.8165,0.505,0.5615,NA,1.119,1.9675,1.153,1.2985,NA,NA,1.217,NA,1.371,1.2395,1.5445,1.82,1.706,1.6805,1.609,1.6315,2.2285,2.285,1.304,0.765,1.404,1.5885,1.478,1.9925,0.934,0.4195,0.835,0.471,NA,0.698,0.403,1.9215,0.3445,1.254,0.881,0.456,1.889
1936,NA,NA,NA,NA,NA,NA,NA,NA,NA,NA,NA,1.758,1.655,1.604,1.497,1.0965,0.915,1.2005,1.388,1.7485,NA,1.576,1.659,0.873,1.7865,1.5205,1.736,1.878,0.987,1.0085,0.88,1.138,0.8135,0.918,0.731,1.268,0.8735,0.941,1.486,0.3115,1.061,1.4175,0.658,2.529,1.7015,1.864,0.9685,1.1915,1.516,1.342,0.5915,NA,1.3865,1.7455,0.783,0.6555,NA,NA,1.421,NA,0.564,1.2215,1.556,1.214,1.686,1.59,2.052,1.663,1.888,1.769,1.546,0.639,0.8575,1.258,1.706,2.131,1.005,0.4085,0.944,0.7515,NA,0.6445,0.5715,1.6765,0.4075,1.2775,0.8995,0.451,2.1175
1937,NA,NA,NA,NA,NA,NA,NA,NA,NA,NA,NA,1.472,1.366,1.273,1.0125,1.045,0.771,1.061,0.988,1.513,NA,1.1645,1.3825,0.413,1.1915,1.251,1.488,1.008,0.798,0.687,1.113,1.144,0.742,0.6225,0.49,0.9715,0.8435,0.79,1.4025,0.3495,1.501,1.0355,0.495,1.418,1.1785,1.451,0.939,0.58,0.7785,1.1295,0.524,NA,0.912,1.7025,0.607,0.9225,NA,NA,2.3805,NA,0.7,1.007,1.8705,1.3595,1.644,1.531,1.223,1.6265,1.7865,1.92,1.194,0.762,0.5575,1.3135,1.767,1.9,1.181,0.24,0.7135,0.556,NA,0.5405,0.5005,2.049,0.4685,1.4015,0.7345,0.4235,1.8715
1938,NA,NA,NA,NA,NA,NA,NA,NA,NA,NA,NA,1.355,1.6545,1.2105,0.907,0.984,0.6475,0.881,0.8695,1.4435,NA,0.8985,1.431,0.43,0.9555,1.385,1.202,1.345,0.898,0.7275,1.066,1.1785,0.8565,0.9145,0.65,0.9615,1.032,1.0015,1.334,0.2555,1.057,0.896,0.349,1.905,1.088,1.303,0.7865,0.9185,0.868,0.779,0.4285,NA,1.0405,2.4245,0.8195,2.4985,NA,NA,2.854,NA,1.0055,1.775,2.0755,2.005,1.388,1.663,0.975,1.7455,1.579,1.597,1.687,0.686,0.46,1.5025,1.689,2.038,0.789,0.3265,0.8965,0.5905,NA,0.602,0.5045,1.778,0.5385,1.7895,0.77,0.416,2.4095
1939,NA,NA,NA,NA,NA,NA,NA,NA,NA,NA,NA,1.5995,1.5475,1.577,1.628,1.1405,0.979,1.0545,1.149,1.792,NA,1.149,1.529,0.593,1.316,1.4975,1.559,1.617,1.072,0.782,1.164,1.1765,0.858,1.067,0.7035,1.1255,1.003,1.1435,1.418,0.508,0.915,0.806,0.445,2.54,1.293,1.714,1.0915,1.4365,1.07,1.135,0.772,NA,1.2075,2.579,0.9075,2.2505,NA,NA,2.438,NA,0.985,1.357,2.1895,1.7145,1.774,1.0775,0.381,1.1075,1.8445,1.0725,1.41,0.391,0.4315,0.94,1.391,1.908,0.734,0.3235,1.398,0.758,NA,0.621,0.64,2.167,0.65,1.9495,0.9855,0.533,1.8055
1940,NA,NA,NA,NA,NA,NA,NA,NA,NA,NA,NA,1.7055,1.7225,1.661,2.032,1.2105,1.021,1.0125,1.307,1.874,NA,1.457,1.7055,0.744,1.5125,1.9175,1.721,1.255,1.111,0.7515,0.969,0.9195,0.7755,0.912,0.7165,0.9755,0.7155,1.0655,1.3785,0.2715,0.8405,0.8275,0.523,1.778,1.3625,1.488,0.9065,1.517,1.2805,1.189,0.685,NA,1.31,1.844,0.6155,1.5355,NA,NA,0.9575,0.718,0.9335,0.8605,1.16,0.7405,0.8295,0.4985,0.423,0.9765,1.2045,0.616,0.6215,0.384,0.179,0.5455,0.599,1.041,0.9435,0.2185,1.041,0.6865,NA,0.546,0.396,1.4865,0.5285,1.5025,0.729,0.3835,0.816
1941,NA,NA,NA,NA,NA,NA,NA,NA,NA,NA,NA,1.124,0.8755,1.077,1.3175,0.9125,0.8455,0.525,1.2885,1.761,NA,0.967,0.7615,0.4715,0.974,1.2005,1.083,0.711,0.492,0.442,0.4525,0.433,0.495,0.957,0.4285,0.9355,0.41,0.7875,0.9745,0.217,0.5675,0.8425,0.483,2.429,1.233,1.17,0.82,1.001,0.9515,0.803,0.7125,NA,1.269,2.129,1.204,2.2815,NA,NA,1.874,1.2,0.973,1.388,1.608,1.0785,1.779,0.8945,0.783,1.1925,1.454,1.143,0.8765,0.357,0.547,0.6755,0.572,0.831,0.814,0.5075,0.724,0.6575,NA,0.3895,0.329,1.5765,0.5655,0.9535,0.669,0.368,1.414
1942,NA,NA,NA,NA,NA,NA,NA,NA,NA,NA,NA,1.1315,1.1145,0.955,1.7995,1.0765,1.059,0.8275,1.014,1.6325,NA,0.951,1.0575,0.5385,1.07,1.064,1.338,0.712,1.018,0.588,0.7805,0.688,0.618,0.888,0.592,1.115,0.1805,0.8665,1.393,0.0995,0.7,0.883,0.373,2.038,1.218,1.4285,0.683,0.973,0.9865,0.6815,0.7525,NA,0.9645,1.7255,0.7275,1.632,NA,NA,1.186,0.852,0.891,1.11,1.1745,0.829,1.5105,0.836,0.931,1.6105,1.7125,0.9545,1.022,0.506,0.5715,0.7955,0.987,1.388,0.4055,0.6785,0.666,0.7355,NA,0.6335,0.4925,1.676,0.883,0.9735,0.743,0.3765,1.26
1943,NA,NA,0.85,NA,NA,NA,0.747,NA,NA,NA,NA,1.171,1.3895,1.0435,1.2945,1.0075,0.967,0.8475,1.116,1.2845,NA,0.9185,0.9505,0.543,1.044,1.1725,1.186,0.589,0.665,0.7695,0.569,1.0865,0.69,1.0375,0.503,1.412,0.707,1.186,1.6585,0.541,1.092,1.2695,0.686,1.534,1.073,1.125,0.649,0.6965,0.8925,0.6825,0.6325,1.184,1.229,1.834,0.892,2.1545,0.489,NA,1.671,1.429,0.819,1.1815,1.2275,0.7295,1.6325,1.024,1.143,1.78,1.484,1.2275,0.7645,0.634,0.442,1.0195,0.672,1.588,0.5975,0.5725,0.803,0.695,NA,0.8095,0.2675,1.3195,0.4785,0.614,0.689,0.3175,1.7305
1944,NA,NA,1.3435,NA,0.594,NA,2.1165,NA,1.1435,1.6365,NA,1.255,1.893,1.113,1.6005,1.2725,1.3125,1.2125,1.45,1.864,NA,1.08,1.208,0.6105,1.4205,1.6305,1.604,1.462,0.77,1.2525,1.152,1.348,1.1225,0.9935,0.3135,1.0565,0.631,0.8185,1.6475,0.2975,0.993,0.7715,0.445,1.97,1.5065,1.5045,0.8315,1.089,1.3075,0.7465,0.995,1.081,1.4445,2.1465,0.854,2.2225,1.0505,0.7075,1.6025,1.093,1.1695,1.106,1.4845,0.984,1.425,1.721,1.376,1.439,1.6385,1.2255,0.9135,0.807,0.407,0.9105,0.599,1.3865,0.9875,0.759,0.849,0.8235,1.0795,0.8,0.403,1.355,0.4775,0.6465,0.486,0.2735,1.184
1945,0.83,NA,1.1955,NA,0.731,NA,2.24,NA,2.128,1.734,NA,1.5975,1.4555,0.9515,1.553,1.1695,1.157,1.215,1.2465,1.6895,NA,1.243,1.215,0.586,1.2945,1.6265,1.431,1.325,0.627,0.793,0.9205,1.431,1.1875,1.291,0.3985,1.1545,0.8475,0.938,1.797,0.397,0.8105,0.812,0.75,2.002,1.562,1.136,0.791,1.3795,1.062,0.838,0.9105,0.9535,1.2905,1.954,1.156,2.812,1.2415,1.7355,1.997,1.5245,1.4095,1.476,1.6035,1.351,1.398,1.7855,1.29,1.8935,1.8045,1.809,0.725,0.735,0.55,1.3595,0.736,1.8045,1.7255,0.7545,0.692,0.73,1.1135,0.7135,0.2965,1.647,0.653,0.637,0.359,0.2525,2.203
1946,1.508,NA,1.238,1.161,0.945,NA,1.415,NA,1.2825,2.217,NA,1.342,1.4175,1.2885,1.6725,1.009,1.4335,1.219,1.2245,1.62,NA,1.458,1.031,0.3445,1.1855,1.3375,1.322,1.417,0.906,0.906,1.051,0.747,0.74,0.75,0.2755,0.679,0.612,0.4755,0.9345,0.3895,0.6205,0.5655,0.424,1.743,1.52,1.235,0.4895,1.0005,1.1935,0.988,1.006,0.8905,1.273,1.3455,0.304,1.841,1.452,0.751,0.425,0.556,0.489,0.5115,0.797,0.488,0.9605,1.282,1.08,1.607,1.427,1.393,0.8075,0.931,0.2875,1.024,0.78,1.2745,0.14,0.625,0.716,0.773,2.2525,0.5285,0.421,1.584,0.767,0.739,0.4105,0.351,2.052
1947,1.1745,NA,1.437,1.297,1.008,NA,1.338,NA,1.5875,1.933,NA,0.9175,0.831,0.556,0.9475,0.899,1.0035,0.627,0.908,1.0335,NA,0.854,0.5385,0.1425,0.5805,0.654,0.712,0.564,0.601,0.3665,0.6215,0.7945,0.652,0.838,0.2895,0.8555,0.52,0.667,1.379,0.229,0.989,0.9055,0.479,0.858,0.7385,0.729,0.4285,0.448,0.7365,0.9355,0.629,0.5515,0.838,1.6005,0.614,1.796,0.838,1.255,0.5265,0.7885,0.826,0.715,0.789,0.593,1.3645,1.762,1.483,1.424,1.5135,1.768,0.839,1.097,0.3025,1.2035,0.492,1.191,0.9105,0.565,0.6425,0.711,1.2915,0.397,0.3755,1.2445,0.5025,0.816,0.433,0.4085,2.131
1948,1.908,1.1945,1.375,1.5395,2.064,NA,1.297,NA,1.726,2.6585,NA,0.817,1.019,0.8215,1.1035,1.049,1.097,0.9135,1.298,1.4975,NA,0.9805,0.934,0.1305,1.0015,0.6915,1.058,0.505,1.025,0.4875,0.523,0.6355,0.653,0.7525,0.317,0.674,0.4805,0.706,1.032,0.462,0.713,0.6895,0.433,1.038,0.811,0.481,0.297,0.3945,0.5675,1.0295,0.59,0.6005,0.831,2.1205,1.021,2.5085,0.637,1.101,1.154,0.9615,1.0905,1.03,1.266,1.1465,1.7215,1.309,0.796,0.816,0.8105,0.971,0.462,0.826,0.219,0.829,0.211,0.675,0.8205,0.877,0.8175,0.9265,1.8385,0.825,0.696,1.8825,0.826,0.8965,0.7965,0.4075,1.215
1949,2.0165,1.3535,1.4465,1.3085,2.196,0.683,1.74,2.0385,2.4165,2.7055,NA,0.414,0.758,0.248,0.61,0.7125,0.723,0.483,1.0765,1.0905,NA,0.4435,0.695,0.076,0.717,0.525,0.442,0.196,0.169,0.1975,0.6205,0.228,0.3725,0.464,0.2075,0.3185,0.3235,0.507,0.6015,0.1775,0.351,0.3395,0.263,0.764,0.5545,0.1775,0.203,0.252,0.387,1.1335,0.437,0.4355,0.6485,1.435,1.07,2.2695,0.864,0.683,1.713,1.3495,1.0145,0.756,1.2635,1.3175,1.7245,1.3075,0.795,1.2165,1.178,1.6815,0.6315,0.675,0.1955,0.8495,0.37,1.0145,0.8625,0.4945,0.62,0.4425,1.0165,0.3885,0.2695,1.366,0.3415,0.6,0.4725,0.2645,1.2535
1950,1.7605,0.8285,1.4825,1.2535,2.404,3.192,1.6485,2.432,1.711,2.8655,NA,0.89,1.3245,0.633,1.3485,1.323,1.0625,1.209,1.409,1.869,NA,0.811,0.805,0.234,0.816,0.937,1.058,0.477,0.466,0.766,0.514,0.4935,0.414,0.5415,0.322,0.649,0.417,0.725,1.035,0.2095,0.6785,0.4585,0.243,1.028,0.6185,0.5145,0.2425,0.425,0.578,0.932,0.483,0.5115,0.999,1.5055,0.643,1.7035,1.0805,0.555,0.892,0.98,0.8465,0.925,0.908,0.7185,1.495,1.115,0.733,0.8845,0.847,0.958,0.4955,0.317,0.216,0.423,0.161,0.645,1.54,0.702,0.805,0.678,1.924,0.479,0.515,1.3485,0.487,0.78,0.73,0.4475,1.26
1951,1.4225,0.9705,1.0925,1.041,2.288,2.949,1.121,2.48,1.43,1.7355,NA,0.787,0.7745,0.3905,0.8265,0.6265,0.713,0.7485,0.8665,1.01,NA,0.619,0.6465,0.174,0.572,0.661,0.679,0.533,0.188,0.4015,0.4275,0.357,0.4775,0.5505,0.1945,0.5195,0.3555,0.307,0.9955,0.0965,0.3835,0.291,0.265,0.66,0.556,0.292,0.1865,0.3325,0.459,0.6355,0.48,0.533,0.6305,1.3505,0.7975,1.582,0.8155,1.0055,1.2255,0.8835,0.705,0.688,0.67,0.7775,1.3,0.824,0.465,0.7405,0.8105,0.537,0.3575,0.38,0.2315,0.426,0.127,0.595,0.7015,0.343,0.271,0.303,1.3645,0.306,0.3875,1.123,0.3345,0.386,0.35,0.247,0.302
1952,2.3935,1.887,1.262,1.568,2.836,3.4395,1.787,3.679,1.898,1.7895,NA,0.803,0.8565,0.37,0.66,0.739,0.6155,0.523,0.9525,1.142,NA,0.584,0.7495,0.2065,0.709,0.837,0.855,0.554,0.392,0.4745,0.739,0.3885,0.6765,0.477,0.2,0.6025,0.408,0.691,1.1655,0.1815,0.663,0.319,0.401,0.594,0.476,0.5,0.16,0.3515,0.5525,0.764,0.4365,0.532,1.0025,1.6245,1.3775,1.906,1.037,0.875,1.4635,1.0935,1.0595,0.808,1.302,1.1675,1.863,1.1405,0.808,1.175,1.315,1.291,0.467,0.821,0.5155,0.9065,0.241,0.6235,0.694,0.756,0.453,0.5375,1.027,0.4435,0.319,1.45,0.7015,0.594,0.525,0.415,0.593
1953,1.359,1.2865,0.8,0.934,1.718,2.411,1.034,1.6045,1.3495,1.578,NA,0.5895,0.8705,0.4705,1.178,0.7585,0.82,0.4975,1.0515,0.993,NA,0.58,0.578,0.1505,0.618,0.717,0.825,0.513,0.442,0.481,0.5705,0.601,0.595,0.48,0.3565,0.6545,0.5795,0.6805,1.2355,0.1295,0.584,0.415,0.361,0.545,0.488,0.5485,0.2155,0.2045,0.5185,0.6425,0.4415,0.4745,0.7205,1.716,1.675,2.2965,1.0985,1.2665,2.0655,1.207,1.23,1.1515,1.441,1.0105,1.9585,0.8215,0.776,0.9045,0.9045,1.009,0.3795,0.802,0.384,0.685,0.114,0.736,1.305,0.651,0.5395,0.7645,0.826,0.5785,0.539,1.732,0.8635,0.699,0.4575,0.4785,1.1545
1954,1.5385,1.4455,1.17,0.636,1.907,2.447,1.586,2.0075,1.308,1.1235,NA,0.5805,0.5045,0.323,0.9695,0.6615,0.722,0.6055,0.7775,1.0315,NA,0.4305,0.442,0.133,0.36,0.5575,0.606,0.306,0.436,0.2725,0.3655,0.425,0.5915,0.5565,0.3405,0.6795,0.396,0.4885,1.086,0.112,0.4065,0.5925,0.327,0.44,0.398,0.304,0.2015,0.0955,0.4565,0.5655,0.316,0.4355,0.3775,1.755,1.046,1.5405,1.15,1.039,1.288,0.8245,0.8645,0.7645,1.0915,0.7175,1.4415,1.2165,0.967,1.1885,1.1425,1.018,0.396,0.973,0.3465,0.653,0.234,0.9135,0.713,0.7195,0.418,0.5235,1.064,0.231,0.462,1.454,0.8005,0.5945,0.6705,0.385,0.7045
1955,1.611,1.5945,1.233,0.831,1.967,2.3775,1.849,2.136,1.6535,1.493,NA,0.311,0.3365,0.2265,0.632,0.265,0.485,0.437,0.494,0.7965,NA,0.133,0.329,0.101,0.2205,0.282,0.525,0.147,0.17,0.1735,0.3155,0.5865,0.4685,0.3885,0.1615,0.569,0.384,0.4295,0.9225,0.098,0.586,0.501,0.17,0.508,0.2685,0.204,0.125,0.196,0.3465,0.9105,0.283,0.3235,0.463,1.5595,1.157,1.4615,1.4335,0.9165,2.1625,1.0415,1.0535,1.0295,1.7555,0.871,1.62,1.351,0.78,1.278,1.6135,1.341,0.518,1.101,0.5465,1.2925,0.307,1.0755,0.141,0.7025,0.5505,0.293,0.2975,0.403,0.465,1.035,0.508,0.328,0.6485,0.2685,1.1225
1956,1.4115,1.0615,0.885,0.5525,1.543,2.077,1.3695,1.9475,1.259,1.568,NA,0.311,0.3335,0.301,0.696,0.602,0.546,0.749,0.5075,0.6765,NA,0.3645,0.2985,0.1965,0.237,0.413,0.33,0.135,0.312,0.279,0.525,0.5075,0.4135,0.444,0.277,0.666,0.268,0.6015,0.9725,0.208,0.501,0.377,0.307,0.378,0.2335,0.375,0.2045,0.2595,0.323,0.9135,0.4865,0.436,0.444,1.06,0.504,2.4145,0.866,0.731,0.744,0.624,1.1,0.4955,0.736,0.7345,1.6815,1.6265,1.305,1.361,1.559,1.731,0.4765,1.016,0.482,1.071,0.383,1.2695,0.5005,0.6475,0.7585,0.238,0.764,0.3525,0.578,1.2635,0.6015,0.227,0.5835,0.1585,1.5835
1957,1.0545,1.1675,0.8065,0.4335,1.836,1.7905,1.054,1.5775,0.982,1.375,NA,0.6415,0.693,0.633,1.2075,1.1035,0.7375,0.871,1.089,1.2575,NA,0.865,0.689,0.3475,0.511,0.987,0.877,0.548,0.367,0.349,0.7845,0.673,0.474,0.4335,0.3935,0.6945,0.4235,0.7335,0.9695,0.2135,0.9245,0.5585,0.599,0.481,0.5555,0.46,0.484,0.3685,0.531,1.07,0.5605,0.538,0.5575,1.533,0.947,2.3895,1.6805,1.048,1.3165,0.526,0.7655,0.9595,1.07,0.6005,1.467,0.9165,0.639,0.7555,0.983,0.8145,0.1905,0.317,0.1285,0.608,0.13,0.509,0.826,0.6515,0.932,0.603,1.379,0.5775,0.804,1.2,0.9495,0.6815,0.8615,0.3325,0.6545
1958,0.3395,0.5175,0.326,0.157,0.658,0.5145,0.474,0.49,0.516,0.5435,NA,0.691,0.548,0.4775,0.8705,0.6755,0.8675,0.8115,1.164,1.2795,NA,0.9975,0.712,0.2825,0.4375,0.966,0.772,0.379,0.416,0.364,0.7,0.3835,0.412,0.1535,0.31,0.5885,0.392,0.503,0.9115,0.2155,0.425,0.524,0.36,0.354,0.359,0.4035,0.303,0.272,0.42,0.874,0.4295,0.6095,0.505,0.984,0.163,0.239,0.5255,0.1325,0.6945,0.074,0.2045,0.3725,0.307,0.0485,0.8915,0.643,0.534,0.522,0.843,0.773,0.5215,0.233,0.1435,0.539,0.125,0.4185,0.3245,0.3925,0.434,0.3205,0.781,0.26,0.4735,0.6875,0.4655,0.243,0.3835,0.2055,0.406
1959,0.3385,0.458,0.553,0.2695,0.89,0.652,0.387,0.877,0.406,0.7055,NA,0.3555,0.406,0.551,0.7355,0.517,0.5695,0.6035,0.811,0.8645,NA,0.8025,0.613,0.1675,0.47,0.6315,0.739,0.341,0.622,0.4315,0.84,0.478,0.5225,0.3645,0.3405,0.533,0.374,0.608,0.899,0.1675,0.477,0.4855,0.401,0.563,0.3405,0.416,0.243,0.184,0.348,1.0415,0.464,0.5275,0.399,1.018,0.288,0.421,0.631,0.551,1.0375,0.162,0.389,0.5445,0.4475,0.0715,0.8265,1.0685,0.668,0.807,1.2705,1.039,0.357,1.016,0.3345,0.7595,0.21,0.4405,0.2095,0.3915,0.368,0.385,0.704,0.1645,0.5675,0.2985,0.641,0.054,0.5475,0.3695,0.921
1960,1.333,0.9375,0.848,0.6945,0.464,1.497,1.1455,1.0305,1.1165,1.42,NA,0.6095,0.7025,0.8215,1.2105,1.1075,0.7135,0.9095,1.449,1.4285,NA,0.78,0.9,0.301,0.809,1.072,0.876,0.438,0.82,0.5435,0.6485,0.4865,0.4705,0.481,0.255,0.521,0.397,0.6835,0.9275,0.182,0.528,0.518,0.33,0.393,0.419,0.333,0.635,0.32,0.416,1.0095,0.4925,0.3985,0.5655,1.465,0.92,1.027,1.4055,1.517,1.8575,0.3515,0.763,0.7885,0.901,0.281,1.495,1.073,1.2,0.9005,1.053,1.1545,0.5315,0.803,0.4315,0.9095,0.355,0.7385,0.504,0.6355,0.4865,0.5545,0.0965,0.374,0.717,0.9275,0.849,0.1315,0.529,0.321,1.1935
1961,1.675,0.898,0.845,0.812,1.64,1.7405,1.214,1.1455,1.1835,1.6785,NA,0.712,0.9225,0.705,1.294,0.8275,0.7745,1.0495,1.2425,1.4585,NA,0.7745,0.925,0.198,0.696,1.1,0.814,0.525,0.375,0.7315,0.509,0.6605,0.613,0.5185,0.276,0.7165,0.515,1.099,0.9775,0.3265,0.814,0.5695,0.255,0.441,0.46,0.3155,0.6755,0.335,0.3755,0.838,0.4465,0.4495,0.4695,1.6275,0.739,1.023,1.7115,1.789,1.402,0.4605,0.906,0.8985,0.975,0.4075,1.4195,0.75,1.007,1.003,1.2915,1.2305,0.303,0.738,0.268,0.714,0.24,0.5105,0.9735,0.753,0.732,0.67,0.409,0.5785,0.9575,1.1465,0.8095,0.38,0.713,0.3655,0.874
1962,1.601,1.0595,1,0.578,1.474,1.7215,1.544,1.2995,1.163,1.8185,NA,0.709,0.7795,0.4505,1.001,0.818,0.7365,0.939,1.3305,1.323,NA,0.6175,1.0185,0.2915,0.55,1.0465,0.778,0.709,0.334,0.501,0.7595,0.4505,0.434,0.432,0.168,0.35,0.496,0.5005,0.8375,0.1685,0.839,0.3515,0.169,0.312,0.395,0.274,0.4215,0.341,0.3265,0.8025,0.4455,0.4045,0.535,1.2075,0.7025,1.319,1.398,1.336,0.8185,0.187,0.814,0.7345,0.684,0.447,1.6435,0.906,1.004,0.9475,1.1575,0.9735,0.2875,0.423,0.2855,0.5575,0.255,0.5345,0.4035,0.3865,0.4795,0.496,0.3135,0.338,0.4895,1.0135,0.601,0.1755,0.67,0.2015,0.8845
1963,1.5705,1.132,0.96,0.621,1.248,1.548,1.861,1.191,1.2335,1.564,NA,0.3885,0.3975,0.4575,0.7965,0.6895,0.872,0.6435,0.969,1.2925,NA,0.5975,0.5985,0.1565,0.345,0.6595,0.678,0.375,0.248,0.2895,0.467,0.5345,0.412,0.4475,0.101,0.411,0.4525,0.358,0.98,0.1955,0.6365,0.2825,0.097,0.25,0.3285,0.232,0.4005,0.273,0.2865,0.6065,0.377,0.416,0.4295,0.9505,0.5475,1.4525,1.116,1.34,0.5435,0.362,1.0525,0.5105,0.775,0.4645,1.3685,1.18,0.989,1.0545,1.237,0.735,0.3095,0.486,0.3695,0.5315,0.235,0.523,0.2915,0.116,0.495,0.25,0.065,0.289,0.3505,0.6625,0.4475,0.1695,0.204,0.211,1.5435
1964,0.88,0.9095,1.0335,0.691,1.088,1.492,0.9745,1.148,1.189,1.1845,NA,0.665,0.476,0.545,0.599,0.5455,0.74,0.6835,0.864,0.7795,NA,0.5215,0.434,0.225,0.2075,0.7765,0.629,0.573,0.437,0.243,0.5405,0.2675,0.3645,0.6885,0.2545,0.4365,0.5125,0.635,0.681,0.488,0.5385,0.557,0.36,0.356,0.44,0.233,0.4015,0.286,0.4475,0.7225,0.377,0.418,0.4985,1.153,0.7325,0.8915,0.958,1.115,0.7845,0.3395,1.002,0.652,1.102,0.6815,1.1895,0.875,0.174,0.575,0.9615,0.415,0.2625,0.63,0.2465,0.246,0.104,0.412,0.238,0.273,0.5445,0.2125,0.265,0.257,0.5215,0.884,0.5865,0.2565,0.203,0.2725,0.94
1965,0.0605,0.4315,0.4055,0.1205,0.38,0.7295,0.234,0.882,0.5845,0.331,NA,0.296,0.1595,0.2145,0.2855,0.2155,0.346,0.487,0.4925,0.917,NA,0.2955,0.3495,0.147,0.1315,0.414,0.279,0.224,0.064,0.1195,0.2545,0.549,0.47,0.6645,0.271,0.504,0.55,0.7285,1.062,0.232,0.8025,0.658,0.14,0.202,0.0605,0.06,0.199,0.079,0.135,0.3375,0.243,0.1505,0.2875,0.639,0.378,0.429,0.728,0.7115,0.3025,0.2635,0.699,0.469,0.879,0.769,1.0515,1.247,0.433,0.9305,1.1935,0.9645,0.228,0.357,0.3595,0.5045,0.163,0.7005,0.3625,0.2685,0.631,0.2275,0.358,0.318,0.2005,0.7935,0.546,0.177,0.175,0.192,1.3555
1966,0.1505,0.4655,0.3105,0.2845,0.524,0.4005,0.109,0.8295,0.754,0.7645,NA,0.375,0.239,0.32,0.236,0.1275,0.2615,0.453,0.476,0.809,NA,0.4615,0.392,0.223,0.1905,0.5705,0.363,0.263,0.06,0.2405,0.276,0.6355,0.507,0.5175,0.278,0.8365,0.4535,0.6045,1.0685,0.1835,0.5875,0.6575,0.104,0.285,0.2485,0.1575,0.193,0.19,0.223,0.416,0.245,0.214,0.4305,0.827,0.4585,0.6985,0.4625,0.7705,0.5835,0.234,0.523,0.4095,0.9005,0.7695,1.3855,1.107,0.553,0.8545,0.8765,0.9645,0.316,0.347,0.384,0.589,0.097,0.5845,0.552,0.3495,0.538,0.4475,0.4265,0.6145,0.5895,1.065,0.8255,0.431,0.293,0.1995,1.158
1967,0.194,0.426,0.471,0.5365,0.839,0.4215,0.2065,1.0025,0.921,1.0305,NA,0.1655,0.099,0.322,0.243,0.131,0.375,0.184,0.325,0.3105,NA,0.354,0.1955,0.1325,0.314,0.26,0.309,0.216,0.208,0.1565,0.1985,0.483,0.406,0.538,0.3055,0.6795,0.4975,0.7095,0.8695,0.157,0.4575,0.494,0.086,0.243,0.237,0.265,0.198,0.1825,0.322,0.4155,0.324,0.4155,0.378,0.4505,0.306,0.185,0.3975,0.3235,0.3645,0.1705,0.3035,0.4485,0.464,0.206,0.555,0.647,0.37,0.344,0.3785,0.4195,0.257,0.233,0.2505,0.2585,0.049,0.3885,0.705,0.442,0.4585,0.492,0.4205,0.4015,0.523,0.9085,0.664,0.4415,0.2025,0.291,0.786
1968,0.4165,0.7415,0.4585,0.626,1.12,0.574,0.335,1.131,0.8695,1.189,NA,0.0475,0.0205,0.0285,0.07,0.0435,0.081,0.059,0,0.089,NA,0.026,0.0245,0.0525,0.0565,0.07,0.054,0,0.049,0.057,0.0145,0.5925,0.4805,0.509,0.337,0.7365,0.28,0.8335,0.947,0.2115,0.5025,0.538,0.057,0.266,0.239,0.182,0.137,0.1385,0.2095,0.1935,0.1645,0.313,0.185,0.018,0.0345,0,0.0365,0.272,0,0.0315,0.0685,0.1425,0.0475,0,0.072,0.2895,0.173,0.4085,0.1075,0.1995,0.068,0.058,0.066,0.0505,0.024,0.216,0.332,0.268,0.3365,0.2055,0.148,0.101,0.2665,0.517,0.3315,0.233,0.1385,0.1835,0.223
1969,0.2335,0.395,0.3115,0.2875,0.614,0.3705,0.223,0.6935,0.3515,0.51,NA,0.152,0.149,0.1665,0.322,0.1465,0.193,0.2955,0.1745,0.4245,NA,0.412,0.165,0.08,0.2085,0.3395,0.156,0.26,0.143,0.065,0.2,0.473,0.3695,0.3505,0.142,0.428,0.3075,0.333,0.6135,0.2085,0.5895,0.4835,0.043,0.105,0,0.087,0,0.0145,0,0,0,0.1425,0.015,0.383,0.122,0.5755,0.4765,0.8495,0.2795,0.0715,0.42,0.2725,0.0795,0.1145,0.707,0.279,0.418,0.2295,0.149,0.33,0.085,0.051,0.12,0.1295,0.077,0.066,0.0555,0.0485,0.1765,0.0295,0.058,0.049,0.0435,0.1095,0.1005,0.1225,0.0495,0.0805,0.6145
1970,0.3105,0.507,0.4845,0.666,0.8615,0.6595,0.132,0.813,0.8475,0.77,1.095,0.1355,0.1745,0.222,0.1315,0.119,0.263,0.2175,0.164,0.264,0.128,0.102,0.098,0.1605,0.0915,0.249,0.153,0.211,0.288,0.173,0.201,0.241,0.276,0.453,0.115,0.3,0.4005,0.19,0.3915,0.232,0.4515,0.229,0.154,0.091,0.227,0.237,0.1935,0.136,0.1585,0.114,0.268,0.531,0.0965,0.309,0.3135,0.179,0.4725,0.891,0.1485,0.1695,0.39,0.224,0.3465,0.304,0.59,0.4855,0.812,0.7115,0.437,0.696,0.253,0.129,0.3225,0.4025,0.158,0.3615,0.1,0.0785,0.128,0.0995,0.0475,0.044,0.079,0.178,0.132,0.148,0.1625,0.1155,1.069
1971,0.73,0.801,1.15,0.585,1.408,0.9705,0.4565,1.052,1.1345,1.0945,1.538,0.3625,0.2355,0.309,0.177,0.201,0.4275,0.429,0.115,0.3095,0.256,0.264,0.1555,0.2305,0.317,0.321,0.428,0.253,0.289,0.1325,0.309,0.837,0.496,0.5075,0.3055,0.5335,0.421,0.438,0.758,0.2945,0.6885,0.474,0.134,0.252,0.4345,0.12,0.342,0.2335,0.242,0.2355,0.349,0.361,0.2235,0.5575,0.6365,0.7845,0.955,1.383,0.557,0.2635,0.243,0.781,0.679,0.5425,1.0515,0.7125,0.759,0.7155,0.517,0.783,0.2435,0.136,0.4205,0.42,0.068,0.3465,0.3295,0.184,0.3465,0.2145,0.2815,0.1475,0.2655,0.586,0.3725,0.29,0.1365,0.1765,1.2365
1972,0.5825,1,1.152,0.6925,1.398,1.0115,0.4295,1.115,0.947,1.0375,1.4725,0.383,0.1405,0.345,0.363,0.3555,0.543,0.8305,0.1025,0.454,0.246,0.555,0.2175,0.286,0.392,0.329,0.398,0.316,0.611,0.126,0.574,0.713,0.394,0.4585,0.2555,0.5035,0.2235,0.468,0.9465,0.231,0.5395,0.3905,0.026,0.18,0.211,0.072,0.207,0.2395,0.2505,0.158,0.2685,0.231,0.1805,0.5955,0.6965,0.827,0.9845,1.361,0.738,0.2245,0.278,0.742,0.791,0.7845,1.179,0.6385,0.707,0.545,0.526,0.764,0.276,0.13,0.213,0.3255,0.037,0.318,0.575,0.1965,0.367,0.318,0.4285,0.292,0.4335,0.796,0.5265,0.424,0.0745,0.2625,0.823
1973,0.259,0.6855,0.6705,0.474,0.951,0.5485,0.077,0.493,0.59,0.4865,1.2225,0.245,0.197,0.2255,0.1425,0.1,0.5505,0.607,0.122,0.5275,0.266,0.3385,0.224,0.1105,0.2175,0.1495,0.164,0.254,0.35,0.059,0.325,0.503,0.489,0.6225,0.209,0.424,0.2205,0.3915,0.9615,0.2605,0.5665,0.3735,0.17,0.188,0.1875,0.059,0.186,0.1755,0.0665,0.193,0.187,0.129,0.127,0.5165,0.331,0.385,0.6625,0.8215,0.4815,0.1125,0.259,0.614,0.512,0.508,0.869,0.4175,0.567,0.3815,0.328,0.683,0.178,0.109,0.1705,0.2085,0.056,0.4115,0.817,0.2945,0.261,0.3395,0.511,0.2235,0.434,0.792,0.665,0.4875,0.101,0.2695,0.677
1974,0.3255,0.7825,1.0005,0.4655,0.858,0.5165,0.063,0.4465,0.459,0.419,1.1145,0.4625,0.181,0.3265,0.2925,0.2095,0.5275,0.5765,0.102,0.626,0.271,0.287,0.245,0.131,0.2405,0.369,0.261,0.416,0.32,0.0765,0.417,0.5675,0.5465,0.773,0.3115,0.5795,0.334,0.758,1.081,0.3015,0.8075,0.4435,0.147,0.209,0.2855,0.044,0.4945,0.0985,0.2075,0.2505,0.1895,0.174,0.1785,0.492,0.3245,0.411,0.764,0.9685,0.613,0.2545,0.221,0.386,0.4205,0.4915,1.1015,0.2435,0.313,0.449,0.4155,0.527,0.222,0.159,0.3425,0.204,0.06,0.297,0.482,0.1975,0.332,0.432,0.5165,0.272,0.449,0.7275,0.424,0.3635,0.0935,0.252,0.644
1975,0.17,0.46,0.486,0.2085,0.327,0.065,0.084,0.2725,0.244,0.2985,0.3815,0.2425,0.1855,0.219,0.238,0.204,0.31,0.4605,0.1465,0.506,0.214,0.3625,0.204,0.222,0.231,0.269,0.172,0.315,0.14,0.114,0.3775,0.485,0.5665,0.6965,0.3545,0.6575,0.337,0.6675,1.0295,0.341,0.8785,0.639,0.171,0.147,0.1635,0.0575,0.2285,0.166,0.23,0.252,0.183,0.1705,0.1245,0.2705,0.0815,0.1715,0.2655,0.2955,0.255,0.1175,0.0595,0.286,0.197,0.0365,0.3085,0.4915,0.529,0.495,0.686,0.6825,0.249,0.286,0.555,0.2165,0.112,0.5145,0.515,0.2305,0.307,0.51,0.5145,0.485,0.405,0.67,0.424,0.2465,0.1115,0.2145,0.805
1976,0.1865,0.404,0.653,0.1635,0.4755,0.116,0.057,0.463,0.2605,0.1825,0.2325,0.36,0.1595,0.1895,0.3135,0.302,0.4275,0.5265,0.241,0.4865,0.262,0.3735,0.3775,0.2355,0.245,0.598,0.172,0.3,0.177,0.077,0.2985,0.7395,0.5345,0.658,0.3225,0.626,0.332,0.6285,0.893,0.2915,0.6855,0.4525,0.106,0.119,0.2325,0.0715,0.3615,0.1115,0.2555,0.233,0.1795,0.1465,0.179,0.363,0.1455,0.4315,0.688,0.5115,0.525,0.121,0.0305,0.222,0.186,0.138,0.639,0.646,0.444,0.487,0.666,0.7815,0.22,0.304,0.544,0.2985,0.049,0.5805,0.5425,0.225,0.336,0.531,0.465,0.394,0.618,0.736,0.3995,0.2295,0.1045,0.2025,0.6875
1977,0.2455,0.541,0.38,0.334,0.4785,0.433,0.0535,0.406,0.2365,0.2735,0.3445,0.193,0.153,0.1555,0.235,0.1395,0.388,0.442,0.206,0.3355,0.23,0.2875,0.301,0.222,0.199,0.557,0.061,0.283,0.159,0.0965,0.271,0.2485,0.476,0.593,0.2985,0.517,0.292,0.476,0.732,0.164,0.3625,0.499,0.036,0.119,0.1765,0.052,0.303,0.1735,0.2085,0.2815,0.1855,0.115,0.132,0.475,0.2285,0.299,0.7775,0.346,0.5875,0.0995,0.0275,0.165,0.2315,0.1195,0.578,0.3685,0.256,0.496,0.3685,0.437,0.157,0.192,0.3575,0.125,0.035,0.327,0.7055,0.206,0.397,0.3095,0.5075,0.3365,0.615,0.87,0.489,0.1965,0.0875,0.2985,0.4385
1978,0.1005,0.1695,0.4135,0.413,0.72,0.3535,0.0505,0.472,0.1065,0.0845,0.5225,0.2125,0.216,0.1605,0.1285,0.2155,0.312,0.3995,0.3015,0.43,0.158,0.26,0.1765,0.075,0.201,0.4515,0.056,0.171,0.18,0.1235,0.2695,0.246,0.461,0.573,0.2375,0.5,0.2795,0.4875,0.7465,0.145,0.6195,0.4315,0.069,0.049,0.064,0.0505,0.2115,0.1105,0.1305,0.2585,0.1225,0.1425,0.066,0.305,0.235,0.414,0.5065,0.7615,0.479,0.169,0.0255,0.1345,0.3025,0.216,0.3425,0.3265,0.403,0.522,0.309,0.467,0.164,0.113,0.282,0.216,0.028,0.456,0.451,0.153,0.292,0.2345,0.308,0.201,0.409,0.464,0.36,0.1915,0.086,0.151,0.3665
1979,0.308,0.2155,0.8575,0.389,0.8045,0.4075,0.196,0.4655,0.5775,0.2215,0.423,0.2285,0.124,0.094,0.319,0.2725,0.4535,0.4185,0.1845,0.444,0.216,0.3215,0.061,0.094,0.1645,0.397,0.113,0.159,0.039,0.132,0.2035,0.4605,0.426,0.672,0.258,0.5425,0.2235,0.461,0.9085,0.1885,0.611,0.442,0.098,0.084,0.0905,0.06,0.2255,0.113,0.1495,0.411,0.1465,0.2175,0.09,0.3485,0.291,0.405,0.592,0.6155,0.6235,0.1795,0.026,0.2005,0.585,0.496,0.669,0.064,0.091,0.104,0.2075,0.2975,0.131,0.064,0.21,0.15,0.103,0.205,0.779,0.176,0.2745,0.4545,0.4605,0.259,0.7305,0.608,0.431,0.245,0.0555,0.235,0.274
1980,0.011,0.058,0.2225,0.087,0.1905,0.3875,0.171,0.237,0.1845,0.082,0.275,0.3465,0.2685,0.1735,0.481,0.295,0.4225,0.554,0.3565,0.87,0.19,0.3715,0.1895,0.097,0.194,0.6675,0.154,0.269,0.134,0.1205,0.284,0.7765,0.513,0.8735,0.3375,0.5815,0.412,0.6855,0.9835,0.1925,0.6595,0.5245,0.168,0.105,0.1115,0.051,0.2015,0.124,0.2815,0.4905,0.151,0.274,0.0995,0.2995,0.1975,0.1805,0.466,0.573,0.4145,0.2095,0.0305,0.2145,0.3165,0.3325,0.323,0.1335,0.263,0.366,0.2015,0.4615,0.1485,0.123,0.286,0.2115,0.072,0.2745,0.969,0.238,0.2365,0.3715,0.546,0.332,0.881,0.742,0.4465,0.257,0.06,0.378,0.3425
1981,0.231,0.1985,0.4955,0.415,0.738,0.3495,0.0835,0.45,0.676,0.3,0.562,0.5865,0.3325,0.2385,0.5615,0.4245,0.6205,0.877,0.432,0.9635,0.351,0.3745,0.2915,0.1915,0.2185,0.7415,0.173,0.229,0.241,0.1315,0.2755,0.69,0.551,0.9745,0.3385,0.5795,0.3275,0.3815,0.782,0.4195,0.46,0.4825,0.1,0.175,0.2295,0.0405,0.2525,0.142,0.2565,0.5305,0.1615,0.242,0.1945,0.3395,0.195,0.203,0.4565,0.635,0.397,0.161,0.0345,0.192,0.311,0.3125,0.4155,0.081,0.294,0.4245,0.3465,0.4375,0.095,0.323,0.4175,0.25,0.034,0.2415,1.0675,0.2155,0.312,0.5295,0.566,0.427,0.7865,0.721,0.5805,0.324,0.076,0.4205,0.658
1982,0.295,0.2705,0.5095,0.417,0.934,0.259,0.052,0.5335,0.587,0.364,0.5645,0.696,0.253,0.191,0.7525,0.4235,0.4975,0.7895,0.67,1.1085,0.274,0.344,0.33,0.1425,0.221,0.9,0.211,0.28,0.221,0.0975,0.286,0.973,0.4195,0.8545,0.354,0.562,0.4005,0.6005,0.9285,0.4685,0.6015,0.4755,0.153,0.111,0.2125,0.067,0.151,0.111,0.1215,0.6785,0.1745,0.2695,0.262,0.3655,0.2765,0.318,0.4485,0.619,0.4175,0.124,0.026,0.2485,0.5745,0.6185,0.553,0.068,0.113,0.1805,0.121,0.472,0.084,0.106,0.472,0.174,0.026,0.223,0.702,0.1765,0.3145,0.45,0.5325,0.416,0.6415,0.592,0.341,0.259,0.058,0.288,0.375
1983,0.2125,0.145,0.5465,0.5085,0.7125,0.253,0.08,0.382,0.2815,0.465,0.1025,0.403,0.2015,0.101,0.5155,0.2515,0.4485,0.5575,0.433,0.5855,0.386,0.2895,0.149,0.113,0.0705,0.5225,0.099,0.193,0.066,0.1295,0.222,0.607,0.4285,0.7035,0.4105,0.4375,0.377,0.6185,0.7785,0.517,0.5035,0.5365,0.106,0.084,0.1835,0.0545,0.1395,0.0935,0.1015,0.306,0.128,0.206,0.2045,0.3055,0.286,0.308,0.2785,0.631,0.4425,0.1435,0.033,0.2565,0.4805,0.5285,0.657,0.068,0.064,0.375,0.1485,0.4755,0.0665,0.147,0.437,0.214,0.028,0.209,0.7705,0.2095,0.219,0.38,0.4115,0.2605,0.685,0.409,0.321,0.2235,0.055,0.289,0.538
1984,0.277,0.1895,0.516,0.4035,0.85,0.2265,NA,0.2885,0.2485,0.4635,0.266,0.855,0.3735,0.213,0.6795,0.6325,0.4365,0.9325,0.6685,1.044,0.347,0.3405,0.4005,0.1575,0.298,1.154,0.245,0.239,0.185,0.0865,0.3025,0.9495,0.4035,0.689,0.343,0.5325,0.3865,0.6885,0.917,0.24,0.551,0.433,0.281,0.112,0.2055,0.113,0.155,0.051,0.0415,0.67,0.169,0.327,0.2195,0.268,0.287,0.341,0.261,0.5105,0.408,0.1535,0.081,0.277,0.681,0.6365,0.5725,0.0675,0.187,0.418,0.0455,0.538,0.084,0.077,0.2965,0.17,0.09,0.274,1.1625,0.17,0.354,0.536,0.556,0.5635,0.899,0.7525,0.4385,0.401,0.063,0.401,0.326
1985,0.1095,0.093,0.4575,0.3095,0.5195,0.0935,NA,0.186,0.118,0.2475,0.1675,0.501,0.2145,0.185,0.9155,0.3635,0.506,0.772,0.663,1.002,0.276,0.3095,0.3875,0.107,0.239,1.2005,0.241,0.254,0.072,0.0755,0.2595,0.781,0.348,0.7415,0.3155,0.456,0.307,0.371,0.8365,0.184,0.4215,0.2965,0.279,0.07,0.2285,0.099,0.1175,0.0795,0.1055,0.6275,0.2125,0.314,0.226,0.3365,0.1525,0.247,0.168,0.2435,0.301,0.117,0.033,0.213,0.3155,0.266,0.3135,0.075,0.187,0.3835,0.1215,0.377,0.094,0.107,0.309,0.1225,0.042,0.3755,1.043,0.1335,0.2475,0.2315,0.5075,0.3865,0.861,0.4545,0.46,0.226,0.0425,0.228,0.581
1986,0.037,0.098,0.2545,0.1625,0.393,0.074,NA,0.1285,0.0495,0.091,0.055,0.8965,0.315,0.1915,0.7585,0.651,0.4715,0.7845,0.873,1.032,0.419,0.3845,0.476,0.2025,0.3115,1.728,0.354,0.397,0.169,0.0735,0.407,0.623,0.3185,0.424,0.2095,0.3,0.239,0.4185,0.415,0.141,0.2885,0.227,0.204,0.063,0.251,0.096,0.1715,0.0755,0.067,0.744,0.2175,0.239,0.248,0.2615,0.0575,0.205,0.154,0.321,0.379,0.0635,NA,0.108,0.386,0.2955,0.443,0.06,0.167,0.3105,0.0595,0.4205,0.043,0.096,0.2005,0.1935,0.028,0.2295,0.8615,0.165,0.2855,0.31,0.363,0.4395,0.5365,0.504,0.479,0.2415,0.045,0.324,0.3695
1987,0.026,0.0695,0.0525,0.055,0.119,NA,NA,0.156,0.038,0.052,0.1265,0.162,0.0775,0.15,0.367,0.162,0.286,0.336,0.393,0.765,0.213,0.128,0.204,0.068,0.108,0.696,0.157,0.056,0.088,0.0515,0.126,0.086,0.1725,0.1195,0.0565,0.0585,0.079,0.24,0.094,0.0455,0.0455,0.092,0.147,0.035,0.08,0.0755,0.0835,0.0745,0.0685,0.3035,0.2225,0.1995,0.2025,0.1625,0.042,0.13,0.05,0.19,0.1255,0.055,NA,0.111,0.152,0.1605,0.158,0.0585,0.09,0.187,0.077,0.191,0.0675,0.064,0.2405,0.15,0.021,0.183,0.3365,0.1595,0.1465,0.19,0.1995,0.1775,0.373,0.258,0.303,0.1005,0.0435,0.2775,0.426
1988,0.048,0.035,0.0515,0.0945,0,NA,NA,0.0635,0.04,0.059,0.0605,0.361,0.1845,0.1725,0.456,0.3055,0.2955,0.483,0.534,0.6745,0.147,0.193,0.227,0.12,0.307,0.712,0.199,0.159,0.152,0.0705,0.2595,0.208,0.225,0.3555,0.1925,0.2215,0.3175,0.3035,0.301,0.162,0.253,0.268,0.113,0.035,0.074,0.0775,0.07,0.075,0.047,0.5575,0.143,0.055,0.161,0.162,0.054,0.1205,0.182,0.2865,0.179,0.105,NA,0.0895,0.0995,0.1935,0.163,0.0765,0.214,0.316,0.1205,0.3275,0.04,0.197,0.2675,0.1185,0.021,0.1425,0.2545,0.1595,0.172,0.1275,0.2645,0.147,0.181,0.2295,0.2205,0.1045,0.038,0.2165,0.251
1989,0.0435,0.032,0.074,0.1225,0.37,NA,NA,0.1565,0.0385,0.067,0.221,0.4885,0.2275,0.12,0.327,0.2595,0.2325,0.522,0.4105,0.797,0.282,0.1145,0.1555,0.114,0.1555,0.68,0.184,0.113,0.115,0.081,0.1755,0.401,0.2585,0.503,0.208,0.2465,0.331,0.434,0.582,0.3825,0.4775,0.27,0.085,0.049,0.106,0.077,0.079,0.053,0.0395,0.418,0.1,0.068,0.0515,0.2065,0.111,0.144,0.2795,0.445,0.179,0.139,NA,0.165,0.1995,0.192,0.231,0.101,0.365,0.469,0.1885,0.4245,0.0635,0.155,0.375,0.271,0.065,0.283,0.2475,0.1695,0.1355,0.1705,0.2755,0.1305,0.221,0.3195,0.25,0.1005,NA,0.265,0.607
1990,0.0795,0.0575,0.0805,0.202,0.3635,NA,NA,0.1875,0.082,0.055,0.067,0.1765,0.0515,0.0615,0.206,0.1465,0.1975,0.295,0.2035,0.3665,0.099,0.052,0.098,0.0735,0.098,0.2355,0.14,0.03,0.025,0.077,0.0805,0.372,0.2915,0.3785,0.2215,0.3585,0.2445,0.646,0.5845,0.1815,0.585,0.435,0.07,0.035,0.1045,0.054,0.057,0.04,0.043,0.0785,0.0295,0.054,0.0365,0.0855,0.0475,0.1555,0.1105,0.309,0.2025,0.1545,NA,0.097,0.173,0.215,0.217,0.0805,0.107,0.2435,0.0715,0.431,0.0445,0.078,0.292,0.1615,0.024,0.1795,0.3435,0.1685,0.2315,0.2565,0.3565,0.266,0.5715,0.4865,0.251,0.1755,NA,0.4045,0.2605
1991,0.121,0.21,0.1135,0.153,0.6935,NA,NA,0.2155,0.084,0.089,0.4815,0.15,0.0325,0.057,0.133,0.0595,0.1785,0.5325,0.1105,0.575,0.068,0.104,0.0895,0.0265,0.042,0.164,0.073,0.026,0.022,NA,0.048,0.067,0.244,0.055,0.12,0.187,0.119,0.36,0.555,0.1165,0.3515,0.2785,0.049,0.042,0.1005,0.045,0.056,0.027,0.0435,0.077,0.145,0.0605,0.054,0.1095,0.1735,0.206,0.31,0.602,0.2685,0.0375,NA,0.031,0.29,0.1355,0.324,0.077,0.274,0.606,0.2265,0.621,0.0365,0.08,0.4845,0.246,0.065,0.376,0.3535,0.14,0.0915,0.1075,0.3305,0.134,0.4175,0.1475,0.1305,0.0995,NA,0.2505,0.6385
1992,0.1525,0.3365,0.261,0.1935,0.393,NA,NA,0.204,0.0805,0.0835,0.2855,0.083,0.0425,0.0515,0.0945,0.0675,0.183,0.0965,0.0925,0.202,0.071,0.1105,0.12,0.0345,0.0575,0.053,0.113,0.034,0.027,NA,0.1265,0.202,0.3235,0.307,0.182,0.2425,0.173,0.4095,0.4585,0.237,0.3265,0.267,0.056,0.049,0.081,0.057,0.0835,0.0325,0.045,0.09,0.1565,0.0955,0.0485,0.282,0.281,0.232,0.252,0.5505,0.413,0.0595,NA,0.1245,0.6935,0.391,0.4105,0.044,0.11,0.334,0.0665,0.5395,0.0585,0.107,0.3125,0.146,0.078,0.3735,0.954,0.221,0.2115,0.4165,0.5495,0.2695,0.657,0.404,0.306,0.132,NA,0.47,0.208
1993,0.1445,0.2155,0.2545,0.122,0.468,NA,NA,0.1615,0.0645,0.053,0.1195,0.2185,0.0695,0.0575,0.0735,0.09,0.1675,0.2185,0.0505,0.3545,0.042,0.122,0.114,0.044,0.046,0.128,0.257,0.139,0.041,NA,0.086,0.443,0.307,0.4705,0.2115,0.254,0.1855,0.3405,0.3325,0.183,0.723,0.2435,0.057,0.028,0.0985,0.0295,0.046,0.0385,0.0495,0.126,0.1425,0.1,0.07,0.136,0.1965,0.141,0.1535,0.398,0.2625,0.057,NA,0.0965,0.2685,0.189,0.305,0.0435,0.081,0.3225,0.1215,0.483,0.058,0.094,0.4985,0.168,0.05,0.4545,0.3765,0.1925,0.218,0.2295,0.4565,0.2665,0.386,0.286,0.2135,0.1925,NA,0.3265,0.311
1994,0.1095,0.2665,0.305,0.082,0.576,NA,NA,0.11,0.0555,0.0815,0.1245,0.1795,0.078,0.0505,0.226,0.1035,0.2435,0.283,0.1375,0.32,0.107,0.1415,0.12,0.0325,0.073,0.1205,0.15,0.149,0.025,NA,0.11,0.184,0.3135,0.428,0.245,0.2625,0.146,0.2205,0.281,0.138,0.442,0.332,0.043,0.035,0.108,0.051,0.0595,0.028,0.045,0.1435,0.14,0.098,0.0785,0.1465,0.063,0.107,0.0915,0.3135,0.19,0.0685,NA,0.097,0.356,0.2025,0.284,0.0665,0.06,0.1335,0.058,0.3505,NA,0.076,0.204,0.129,0.026,0.044,0.6495,0.205,0.181,0.201,0.331,0.2475,0.58,0.264,0.203,0.1695,NA,0.3715,0.1885
1995,0.112,0.2315,0.19,0.0535,0.514,NA,NA,0.02,0.074,0.0845,0.0915,0.2945,0.03,0.0675,0.1225,0.0975,0.349,0.27,0.132,0.4725,0.104,0.1155,0.137,0.0495,0.067,0.169,0.093,0.119,0.04,NA,0.0865,0.263,0.181,0.358,0.1515,0.23,0.1285,0.1515,0.2745,0.1005,0.4515,0.25,0.028,0.035,0.0605,0.0695,0.0475,0.04,0.0345,0.1125,0.135,0.0925,0.0685,0.106,0.063,0.1255,0.1785,0.3385,0.236,0.075,NA,0.1155,0.3085,0.264,0.3085,0.057,NA,0.2205,0.07,0.3065,NA,0.106,0.439,0.222,0.042,0.2125,0.403,0.135,0.115,0.203,0.295,0.226,0.4945,0.2735,0.1165,0.143,NA,0.4095,0.403
1996,0.085,0.139,0.132,0.0435,0.4135,NA,NA,0.1565,0.0325,NA,0.0725,0.5295,0.069,0.075,0.235,0.1845,0.2915,0.5905,0.138,0.5465,0.089,0.1075,0.1855,0.079,0.088,0.2315,0.072,0.022,0.032,NA,0.082,0.4295,0.1995,0.323,0.161,0.1805,0.06,0.3005,0.1915,0.074,0.364,0.2155,0.035,0.035,0.0755,NA,0.0625,0.047,0.0405,0.154,0.1155,0.1015,0.0685,0.0815,0.0255,0.1265,0.132,0.2605,0.177,0.054,NA,0.092,0.484,0.0955,0.255,0.049,NA,0.2325,0.122,0.46,NA,0.069,0.4485,0.105,0.057,0.271,0.626,0.145,0.1675,0.461,0.336,0.2465,0.6455,0.517,0.1965,0.0955,NA,0.4855,0.579
1997,0.0555,0.08,0.0945,0.095,0.355,NA,NA,0.1045,0.0405,NA,0.0585,0.2215,0.1635,0.055,0.2105,0.146,0.316,0.2525,0.233,0.469,0.114,0.132,0.2715,0.1295,0.1115,0.372,0.084,0.022,0.098,NA,0.118,0.178,0.163,0.1505,0.107,0.1355,0.099,0.205,0.1825,0.067,0.237,0.235,NA,0.035,0.0645,NA,0.0545,NA,0.043,0.099,0.133,0.1005,0.0755,0.078,0.0405,0.094,0.0975,0.297,0.1215,0.05,NA,0.0665,0.3525,0.0765,0.104,0.06,NA,0.1975,0.097,0.273,NA,0.054,0.335,0.123,0.034,0.155,0.4495,0.1665,0.235,0.35,0.3995,0.198,0.5455,0.404,0.191,0.092,NA,0.4565,0.2425
1998,NA,0.0715,0.0825,0.079,0.244,NA,NA,0.0695,NA,NA,0.083,0.2435,0.1945,0.082,0.169,0.181,0.2215,0.2395,0.2535,0.572,0.105,0.2015,0.3785,0.1165,0.1145,0.3665,0.143,0.06,0.089,NA,0.1765,0.0935,0.137,0.083,0.0845,0.0755,0.047,0.2055,0.1305,0.05,0.177,0.1875,NA,0.028,0.0475,NA,0.054,NA,0.0625,0.1785,0.133,0.069,0.056,0.0705,0.0465,0.071,0.1105,0.154,0.103,NA,NA,0.0605,0.2245,0.0765,0.126,0.05,NA,0.0555,0.0925,0.2685,NA,NA,0.2785,0.1135,NA,0.1325,0.2455,0.144,0.155,0.285,0.185,0.1915,0.3185,0.258,0.1485,0.064,NA,0.2535,0.2355
1999,NA,0.076,0.1115,0.0965,0.4155,NA,NA,0.0845,NA,NA,0.1015,0.257,0.229,0.0735,0.274,0.29,0.3455,0.45,0.3835,0.5815,0.238,0.193,0.407,0.135,0.1225,0.494,0.171,0.071,0.105,NA,0.1695,0.082,0.0895,0.129,0.067,0.113,0.0605,0.1355,0.119,0.048,0.177,0.1655,NA,0.035,0.0595,NA,0.046,NA,0.0365,0.133,0.151,0.085,0.058,0.054,0.076,0.0765,0.2225,0.2565,0.1155,NA,NA,0.056,0.336,0.095,0.151,0.0335,NA,0.0545,NA,0.1655,NA,NA,0.196,0.2225,NA,0.099,0.2105,0.0785,0.202,0.351,0.167,0.178,0.371,0.2865,0.112,0.0545,NA,0.2185,0.1855
2000,NA,0.077,0.163,0.067,0.3265,NA,NA,0.0905,NA,NA,0.1815,0.2645,0.106,0.061,0.38,0.268,0.2995,0.591,0.3655,0.689,0.295,0.1605,0.269,0.075,0.1745,0.739,0.049,0.078,0.082,NA,0.1535,0.0745,0.0975,0.1635,0.1375,0.1385,0.058,0.18,0.0995,0.0365,0.1715,0.2025,NA,0.039,0.0665,NA,0.0485,NA,NA,0.167,0.134,0.0805,0.049,0.0565,NA,0.0495,0.2115,0.237,0.09,NA,NA,0.0455,0.3085,0.0765,0.1925,NA,NA,0.0375,NA,0.127,NA,NA,0.0545,0.0975,NA,0.0925,0.1835,0.053,0.207,0.3545,0.1455,0.22,0.328,0.261,0.0955,0.066,NA,0.182,0.077
2001,NA,0.0785,0.099,0.072,0.2555,NA,NA,0.1315,NA,NA,0.139,0.3515,0.1545,NA,0.459,0.1065,0.2765,0.592,0.522,0.916,0.211,0.1645,0.273,0.0655,0.141,0.983,NA,0.078,0.052,NA,0.095,0.109,0.1,0.114,0.1205,0.102,NA,0.1455,0.113,0.04,0.2025,0.176,NA,NA,0.114,NA,0.0535,NA,NA,0.15,0.133,0.075,0.0425,0.063,NA,0.0515,0.186,0.1965,0.081,NA,NA,NA,0.4655,0.058,0.096,NA,NA,0.0365,NA,0.093,NA,NA,0.0605,0.1395,NA,0.0465,0.2685,0.054,0.133,0.1955,0.1185,0.1695,0.2875,0.145,0.124,0.066,NA,0.092,0.0655
2002,NA,NA,0.0925,0.0395,0.1945,NA,NA,0.1075,NA,NA,0.1085,0.3065,0.1735,NA,0.3495,0.1535,0.285,0.438,0.4615,0.7595,0.129,0.136,0.0965,0.0585,0.082,0.676,NA,0.096,0.061,NA,0.0825,0.079,0.061,0.128,0.042,0.062,NA,0.091,0.083,NA,0.108,0.131,NA,NA,0.0615,NA,0.0605,NA,NA,0.048,0.2205,NA,0.046,0.08,NA,0.062,0.2025,0.22,0.0985,NA,NA,NA,0.276,0.0635,0.132,NA,NA,0.078,NA,0.0675,NA,NA,0.072,0.0655,NA,NA,0.1275,NA,0.0335,0.074,0.0845,0.081,0.108,0.089,0.054,0.032,NA,0.059,0.0915
2003,NA,NA,0.072,0.053,0.1485,NA,NA,0.099,NA,NA,0.0915,0.0885,NA,NA,0.2845,0.133,0.3035,0.4465,0.42,0.49,0.152,0.1185,0.062,NA,0.088,0.7905,NA,0.06,NA,NA,0.0835,0.0595,0.07,0.147,0.044,0.048,NA,0.0715,0.0715,NA,0.0665,0.0985,NA,NA,0.063,NA,0.05,NA,NA,0.0505,0.1695,NA,0.069,NA,NA,NA,0.079,0.098,0.052,NA,NA,NA,0.091,NA,0.049,NA,NA,NA,NA,0.0635,NA,NA,0.056,0.0725,NA,NA,0.114,NA,0.0715,0.146,0.0605,0.0775,0.0985,0.062,NA,NA,NA,0.061,0.0645
2004,NA,NA,NA,NA,0.0905,NA,NA,0.0525,NA,NA,0.051,0.089,NA,NA,0.1375,0.0575,0.2685,0.24,0.3065,0.3495,0.13,NA,0.084,NA,NA,0.253,NA,0.07,NA,NA,0.038,NA,0.0605,0.1115,0.0465,0.056,NA,0.097,0.073,NA,0.103,0.073,NA,NA,NA,NA,NA,NA,NA,0.0575,0.079,NA,NA,NA,NA,NA,NA,0.0545,0.0705,NA,NA,NA,0.057,NA,NA,NA,NA,NA,NA,NA,NA,NA,0.0665,NA,NA,NA,0.0965,NA,0.0745,0.0765,0.09,0.0965,0.234,0.0565,NA,NA,NA,0.116,NA
2005,NA,NA,NA,NA,0.136,NA,NA,0.057,NA,NA,NA,0.066,NA,NA,NA,0.062,NA,0.0765,0.0795,0.0275,0.035,NA,0.06,NA,NA,0.141,NA,0.059,NA,NA,0.042,NA,0.051,0.0635,0.053,NA,NA,0.0785,0.051,NA,0.056,0.071,NA,NA,NA,NA,NA,NA,NA,NA,0.0985,NA,NA,NA,NA,NA,NA,0.082,NA,NA,NA,NA,0.067,NA,NA,NA,NA,NA,NA,NA,NA,NA,0.0445,NA,NA,NA,0.1065,NA,0.0325,NA,0.1205,0.0845,0.2095,0.035,NA,NA,NA,0.091,NA
2006,NA,NA,NA,NA,0.1075,NA,NA,0.069,NA,NA,NA,NA,NA,NA,NA,0.0645,NA,0.075,0.0515,0.059,0.032,NA,NA,NA,NA,0.096,NA,0.067,NA,NA,0.0575,NA,0.046,0.073,NA,NA,NA,0.078,0.0505,NA,NA,0.05,NA,NA,NA,NA,NA,NA,NA,NA,NA,NA,NA,NA,NA,NA,NA,0.0745,NA,NA,NA,NA,0.07,NA,NA,NA,NA,NA,NA,NA,NA,NA,0.0665,NA,NA,NA,0.0665,NA,0.073,NA,0.2265,0.072,0.203,0.048,NA,NA,NA,0.081,NA
2007,NA,NA,NA,NA,0.078,NA,NA,0.0695,NA,NA,NA,NA,NA,NA,NA,NA,NA,0.0745,0.0605,0.0645,0.055,NA,NA,NA,NA,0.0965,NA,NA,NA,NA,NA,NA,0.048,0.039,NA,NA,NA,0.0575,NA,NA,NA,0.0665,NA,NA,NA,NA,NA,NA,NA,NA,NA,NA,NA,NA,NA,NA,NA,NA,NA,NA,NA,NA,0.076,NA,NA,NA,NA,NA,NA,NA,NA,NA,0.0545,NA,NA,NA,0.085,NA,0.057,NA,0.1275,0.0795,0.1945,NA,NA,NA,NA,0.0685,NA
2008,NA,NA,NA,NA,0.099,NA,NA,0.076,NA,NA,NA,NA,NA,NA,NA,NA,NA,NA,0.0615,NA,0.069,NA,NA,NA,NA,0.0885,NA,NA,NA,NA,NA,NA,NA,NA,NA,NA,NA,0.0745,NA,NA,NA,0.0555,NA,NA,NA,NA,NA,NA,NA,NA,NA,NA,NA,NA,NA,NA,NA,NA,NA,NA,NA,NA,0.0905,NA,NA,NA,NA,NA,NA,NA,NA,NA,NA,NA,NA,NA,0.0445,NA,0.0345,NA,0.0375,NA,0.0855,NA,NA,NA,NA,NA,NA
2009,NA,NA,NA,NA,0.0735,NA,NA,NA,NA,NA,NA,NA,NA,NA,NA,NA,NA,NA,0.0515,NA,0.075,NA,NA,NA,NA,NA,NA,NA,NA,NA,NA,NA,NA,NA,NA,NA,NA,NA,NA,NA,NA,0.057,NA,NA,NA,NA,NA,NA,NA,NA,NA,NA,NA,NA,NA,NA,NA,NA,NA,NA,NA,NA,0.0795,NA,NA,NA,NA,NA,NA,NA,NA,NA,NA,NA,NA,NA,0.053,NA,NA,NA,0.051,NA,0.059,NA,NA,NA,NA,NA,NA
2010,NA,NA,NA,NA,NA,NA,NA,NA,NA,NA,NA,NA,NA,NA,NA,NA,NA,NA,0.077,NA,0.123,NA,NA,NA,NA,NA,NA,NA,NA,NA,NA,NA,NA,NA,NA,NA,NA,NA,NA,NA,NA,0.0485,NA,NA,NA,NA,NA,NA,NA,NA,NA,NA,NA,NA,NA,NA,NA,NA,NA,NA,NA,NA,0.19,NA,NA,NA,NA,NA,NA,NA,NA,NA,NA,NA,NA,NA,NA,NA,NA,NA,0.0435,NA,NA,NA,NA,NA,NA,NA,NA
2011,NA,NA,NA,NA,NA,NA,NA,NA,NA,NA,NA,NA,NA,NA,NA,NA,NA,NA,0.071,NA,0.139,NA,NA,NA,NA,NA,NA,NA,NA,NA,NA,NA,NA,NA,NA,NA,NA,NA,NA,NA,NA,NA,NA,NA,NA,NA,NA,NA,NA,NA,NA,NA,NA,NA,NA,NA,NA,NA,NA,NA,NA,NA,0.062,NA,NA,NA,NA,NA,NA,NA,NA,NA,NA,NA,NA,NA,NA,NA,NA,NA,0.0465,NA,NA,NA,NA,NA,NA,NA,NA
2012,NA,NA,NA,NA,NA,NA,NA,NA,NA,NA,NA,NA,NA,NA,NA,NA,NA,NA,0.065,NA,0.066,NA,NA,NA,NA,NA,NA,NA,NA,NA,NA,NA,NA,NA,NA,NA,NA,NA,NA,NA,NA,NA,NA,NA,NA,NA,NA,NA,NA,NA,NA,NA,NA,NA,NA,NA,NA,NA,NA,NA,NA,NA,NA,NA,NA,NA,NA,NA,NA,NA,NA,NA,NA,NA,NA,NA,NA,NA,NA,NA,NA,NA,NA,NA,NA,NA,NA,NA,NA
2013,NA,NA,NA,NA,NA,NA,NA,NA,NA,NA,NA,NA,NA,NA,NA,NA,NA,NA,NA,NA,0.087,NA,NA,NA,NA,NA,NA,NA,NA,NA,NA,NA,NA,NA,NA,NA,NA,NA,NA,NA,NA,NA,NA,NA,NA,NA,NA,NA,NA,NA,NA,NA,NA,NA,NA,NA,NA,NA,NA,NA,NA,NA,NA,NA,NA,NA,NA,NA,NA,NA,NA,NA,NA,NA,NA,NA,NA,NA,NA,NA,NA,NA,NA,NA,NA,NA,NA,NA,NA